{
    "variants": {
        "type=bottom": [
          { "model": "block/stone/stone_brick/stone_brick_slab" },
          { "model": "block/stone/stone_brick/stone_brick_slab_1" },
          { "model": "block/stone/stone_brick/stone_brick_slab_2" },
          { "model": "block/stone/stone_brick/stone_brick_slab_3" },
          { "model": "block/stone/stone_brick/stone_brick_slab_4" }
        ],
        "type=top": [
          { "model": "block/stone/stone_brick/stone_brick_slab_top" },
          { "model": "block/stone/stone_brick/stone_brick_slab_top_1" },
          { "model": "block/stone/stone_brick/stone_brick_slab_top_2" },
          { "model": "block/stone/stone_brick/stone_brick_slab_top_3" },
          { "model": "block/stone/stone_brick/stone_brick_slab_top_4" }
        ],
        "type=double": [
          { "model": "block/stone/stone_brick/stone_bricks" },
          { "model": "block/stone/stone_brick/stone_bricks_1" },
          { "model": "block/stone/stone_brick/stone_bricks_2" },
          { "model": "block/stone/stone_brick/stone_bricks_3" },
          { "model": "block/stone/stone_brick/stone_bricks_4" }
        ]
    }
}
