{
    "variants": {
        "type=bottom": [
          { "model": "stone_slab" },
          { "model": "stone/stone/stone_slab_1" },
          { "model": "stone/stone/stone_slab_2" },
          { "model": "stone/stone/stone_slab_3" },
          { "model": "stone/stone/stone_slab_4" }
        ],
        "type=top": [
          { "model": "stone_slab_top" },
          { "model": "stone/stone/stone_slab_top_1" },
          { "model": "stone/stone/stone_slab_top_2" },
          { "model": "stone/stone/stone_slab_top_3" },
          { "model": "stone/stone/stone_slab_top_4" }
        ],
        "type=double": [
          { "model": "stone_slab_double" },
          { "model": "stone/stone/stone_slab_double_1" },
          { "model": "stone/stone/stone_slab_double_2" },
          { "model": "stone/stone/stone_slab_double_3" },
          { "model": "stone/stone/stone_slab_double_4" }
        ]
    }
}
