{
    "__createdwith": "opl's Model Creator",
    "ambientocclusion": false,
    "textures": {
        "edge": "blocks/iron_bars",
        "particle": "blocks/iron_bars",
        "bars": "blocks/iron_bars"
    },
    "elements": [
        {
            "comment":"bord 1",
            "from": [7.5,0,-0.5],
            "to": [8.5,16,0.5],
            "faces": {
                "up": {
                    "uv": [13.5,0.5,14.5,1.5],
                    "texture": "#edge"
                },
                "down": {
                    "uv": [13.5,12.5,14.5,13.5],
                    "texture": "#edge"
                },
                "west": {
                    "uv": [13.5,0,14.5,16],
                    "texture": "#edge"
                },
                "east": {
                    "uv": [13.5,0,14.5,16],
                    "texture": "#edge"
                },
                "north": {
                    "uv": [13.5,0,14.5,16],
                    "texture": "#bars"
                },
                "south": {
                    "uv": [13.5,0,14.5,16],
                    "texture": "#bars"
                }
            }
        },
        {
            "comment":"bord 1 tête",
            "from": [7,14.5,-1],
            "to": [9,15.5,1],
            "faces": {
                "up": {
                    "uv": [13.5,0.5,14.5,1.5],
                    "texture": "#edge"
                },
                "down": {
                    "uv": [13.5,12.5,14.5,13.5],
                    "texture": "#edge"
                },
                "west": {
                    "uv": [13,0.5,15,1],
                    "texture": "#bars"
                },
                "east": {
                    "uv": [13,0.5,15,1.5],
                    "texture": "#bars"
                },
                "north": {
                    "uv": [13,0.5,15,1.5],
                    "texture": "#bars"
                },
                "south": {
                    "uv": [13,0.5,15,1.5],
                    "texture": "#bars"
                }
            }
        },
        {
            "comment":"bord 2",
            "from": [7.5,0,3.5],
            "to": [8.5,16,4.5],
            "faces": {
                "up": {
                    "uv": [13.5,0.5,14.5,1.5],
                    "texture": "#edge"
                },
                "down": {
                    "uv": [13.5,12.5,14.5,13.5],
                    "texture": "#edge"
                },
                "west": {
                    "uv": [13.5,0,14.5,16],
                    "texture": "#edge"
                },
                "east": {
                    "uv": [13.5,0,14.5,16],
                    "texture": "#edge"
                },
                "north": {
                    "uv": [13.5,0,14.5,16],
                    "texture": "#bars"
                },
                "south": {
                    "uv": [13.5,0,14.5,16],
                    "texture": "#bars"
                }
            }
        },
        {
            "comment":"bord 2 tête",
            "from": [7,14.5,3],
            "to": [9,15.5,5],
            "faces": {
                "up": {
                    "uv": [13.5,0.5,14.5,1.5],
                    "texture": "#edge"
                },
                "down": {
                    "uv": [13.5,12.5,14.5,13.5],
                    "texture": "#edge"
                },
                "west": {
                    "uv": [13,0.5,15,1],
                    "texture": "#bars"
                },
                "east": {
                    "uv": [13,0.5,15,1.5],
                    "texture": "#bars"
                },
                "north": {
                    "uv": [13,0.5,15,1.5],
                    "texture": "#bars"
                },
                "south": {
                    "uv": [13,0.5,15,1.5],
                    "texture": "#bars"
                }
            }
        },
        {
            "from": [7,3.5,-1],
            "to": [9,5,9],
            "faces": {
                "up": {
                    "uv": [0,11.5,10,12.5],
                    "texture": "#edge",
                    "rotation": 90
                },
                "down": {
                    "uv": [0,11.5,10,12.5],
                    "texture": "#edge",
                    "rotation": 90
                },
                "west": {
                    "uv": [0,11,10,12.5],
                    "texture": "#edge"
                },
                "east": {
                    "uv": [0,11,10,12.5],
                    "texture": "#edge"
                },
                "north": {
                    "texture": "#bars"
                },
                "south": {
                    "texture": "#bars"
                }
            }
        },
        {
            "from": [7,10,-1],
            "to": [9,11.5,9],
            "faces": {
                "up": {
                    "uv": [0,11.5,10,12.5],
                    "texture": "#edge",
                    "rotation": 90
                },
                "down": {
                    "uv": [0,11.5,10,12.5],
                    "texture": "#edge",
                    "rotation": 90
                },
                "west": {
                    "uv": [0,11,10,12.5],
                    "texture": "#edge"
                },
                "east": {
                    "uv": [0,11,10,12.5],
                    "texture": "#edge"
                },
                "north": {
                    "texture": "#bars"
                },
                "south": {
                    "texture": "#bars"
                }
            }
        }
    ]
}
