{
	"credit": "Made with Blockbench",
	"ambientocclusion": false,
	"textures": {
		"0": "minecraft:block/rail",
		"1": "minecraft:block/variants/rails/rail_bottom",
		"1_0": "minecraft:block/variants/rails/rail_top"
	},
	"elements": [
		{
			"name": "rail2",
			"from": [13, 0.5, 10.5],
			"to": [16, 1.5, 12],
			"rotation": {"angle": 22.5, "axis": "y", "origin": [16, 1, 10.5]},
			"faces": {
				"north": {"uv": [4.5, 7.5, 5.5, 10.5], "texture": "#0"},
				"east": {"uv": [4, 0, 5.5, 1], "texture": "#0", "rotation": 180},
				"south": {"uv": [11, 8, 12, 11], "texture": "#0", "rotation": 90},
				"up": {"uv": [10.5, 8, 12, 11], "texture": "#0", "rotation": 270},
				"down": {"uv": [10.5, 8, 12, 11], "texture": "#0", "rotation": 270}
			}
		},
		{
			"name": "rail1",
			"from": [10.5, 0.5, 13],
			"to": [12, 1.5, 16],
			"rotation": {"angle": -22.5, "axis": "y", "origin": [10.5, 1, 16]},
			"faces": {
				"east": {"uv": [11, 0, 12, 3], "texture": "#0", "rotation": 90},
				"south": {"uv": [4, 0, 5.5, 1], "texture": "#0"},
				"west": {"uv": [4.5, 0, 5.5, 3], "texture": "#0", "rotation": 90},
				"up": {"uv": [10.5, 13, 12, 16], "texture": "#0", "rotation": 180},
				"down": {"uv": [10.5, 13, 12, 16], "texture": "#0"}
			}
		},
		{
			"name": "rail3",
			"from": [11.88549, 0.5, 11.90514],
			"to": [13.38549, 1.5, 14.15514],
			"rotation": {"angle": -45, "axis": "y", "origin": [12.88549, 1, 13.40514]},
			"faces": {
				"east": {"uv": [11, 11, 12, 13.125], "texture": "#0", "rotation": 90},
				"west": {"uv": [4.5, 11, 5.5, 13.125], "texture": "#0", "rotation": 90},
				"up": {"uv": [10.5, 11, 12, 13.25], "texture": "#0", "rotation": 180},
				"down": {"uv": [10.5, 11, 12, 13.25], "texture": "#0"}
			}
		},
		{
			"name": "rail2",
			"from": [8.71978, 0.5, 3.45672],
			"to": [13.46978, 1.5, 4.95672],
			"rotation": {"angle": 22.5, "axis": "y", "origin": [14.71978, 1, 3.45672]},
			"faces": {
				"north": {"uv": [4.5, 0, 5.5, 4.5], "texture": "#0"},
				"south": {"uv": [11, 0, 12, 4.5], "texture": "#0", "rotation": 90},
				"up": {"uv": [4, 0, 5.5, 4.5], "texture": "#0", "rotation": 90},
				"down": {"uv": [4, 0, 5.5, 4.5], "texture": "#0", "rotation": 270}
			}
		},
		{
			"name": "rail2",
			"from": [4, 0.5, 13.5],
			"to": [5.5, 1.5, 16],
			"faces": {
				"east": {"uv": [11, 13.5, 12, 16], "texture": "#0", "rotation": 90},
				"south": {"uv": [4, 0, 5.5, 1], "texture": "#0"},
				"west": {"uv": [4.5, 13.5, 5.5, 16], "texture": "#0", "rotation": 90},
				"up": {"uv": [4, 13.5, 5.5, 16], "texture": "#0"},
				"down": {"uv": [4, 13.5, 5.5, 16], "texture": "#0"}
			}
		},
		{
			"name": "rail1",
			"from": [3.52165, 0.5, 8.65485],
			"to": [5.02165, 1.5, 13.40485],
			"rotation": {"angle": -22.5, "axis": "y", "origin": [3.52165, 1, 14.65485]},
			"faces": {
				"east": {"uv": [11, 9, 12, 13.5], "texture": "#0", "rotation": 90},
				"west": {"uv": [4.5, 9, 5.5, 13.5], "texture": "#0", "rotation": 90},
				"up": {"uv": [4, 9, 5.5, 13.5], "texture": "#0"},
				"down": {"uv": [4, 9, 5.5, 13.5], "texture": "#0"}
			}
		},
		{
			"name": "rail3",
			"from": [7.82295, 0.5, 6.02058],
			"to": [9.32295, 1.5, 10.77058],
			"rotation": {"angle": -45, "axis": "y", "origin": [8.82295, 1, 7.52058]},
			"faces": {
				"east": {"uv": [11, 4.5, 12, 9], "texture": "#0", "rotation": 90},
				"west": {"uv": [4.5, 4.5, 5.5, 9], "texture": "#0", "rotation": 90},
				"up": {"uv": [4, 4.5, 5.5, 9], "texture": "#0"},
				"down": {"uv": [4, 4.5, 5.5, 9], "texture": "#0"}
			}
		},
		{
			"name": "rail2",
			"from": [13.5, 0.5, 4],
			"to": [16, 1.5, 5.5],
			"faces": {
				"north": {"uv": [4.5, 13.5, 5.5, 16], "texture": "#0", "rotation": 90},
				"east": {"uv": [11, 13.5, 12, 16], "texture": "#0", "rotation": 90},
				"south": {"uv": [11, 13.5, 12, 16], "texture": "#0", "rotation": 90},
				"up": {"uv": [4, 13.5, 5.5, 16], "texture": "#0", "rotation": 90},
				"down": {"uv": [4, 13.5, 5.5, 16], "texture": "#0", "rotation": 270}
			}
		},
		{
			"name": "b_d2",
			"from": [14, 0, 12.5],
			"to": [14.5, 0.5, 14],
			"rotation": {"angle": -22.5, "axis": "y", "origin": [8, 0, 14]},
			"faces": {
				"north": {"uv": [14, 12.5, 14.5, 13], "texture": "#1_0", "rotation": 180},
				"east": {"uv": [14, 12.5, 14.5, 14], "texture": "#1_0", "rotation": 90},
				"south": {"uv": [14, 13.5, 14.5, 14], "texture": "#1_0"},
				"up": {"uv": [14, 12.5, 14.5, 14], "texture": "#1_0"},
				"down": {"uv": [1.5, 12.5, 2, 14], "texture": "#1_1", "rotation": 180}
			}
		},
		{
			"name": "b_g1",
			"from": [1.5, 0, 12],
			"to": [2, 0.5, 13.5],
			"rotation": {"angle": -22.5, "axis": "y", "origin": [8, 0, 14]},
			"faces": {
				"north": {"uv": [1.5, 12, 2, 12.5], "texture": "#1_0", "rotation": 180},
				"south": {"uv": [1.5, 13, 2, 13.5], "texture": "#1_0"},
				"west": {"uv": [1.5, 12, 2, 13.5], "texture": "#1_0", "rotation": 270},
				"up": {"uv": [1.5, 12, 2, 13.5], "texture": "#1_0"},
				"down": {"uv": [14, 12, 14.5, 13.5], "texture": "#1_1", "rotation": 180}
			}
		},
		{
			"name": "b_g2",
			"from": [2, 0, 12],
			"to": [6, 0.5, 15],
			"rotation": {"angle": -22.5, "axis": "y", "origin": [8, 0, 14]},
			"faces": {
				"north": {"uv": [6.5, 11.5, 10.5, 12], "texture": "#1_0", "rotation": 180},
				"east": {"uv": [5.5, 12, 6, 15], "texture": "#1_0", "rotation": 90},
				"south": {"uv": [6.5, 14, 10.5, 14.5], "texture": "#1_0"},
				"west": {"uv": [2, 12, 2.5, 15], "texture": "#1_0", "rotation": 270},
				"up": {"uv": [2, 12, 6, 15], "texture": "#1_0"},
				"down": {"uv": [10, 12, 14, 15], "texture": "#1_1", "rotation": 180}
			}
		},
		{
			"name": "b_m",
			"from": [6, 0, 11.5],
			"to": [10.5, 0.5, 14.5],
			"rotation": {"angle": -22.5, "axis": "y", "origin": [8, 0, 14]},
			"faces": {
				"north": {"uv": [6, 11.5, 10.5, 12], "texture": "#1_0", "rotation": 180},
				"east": {"uv": [10, 11.5, 10.5, 14.5], "texture": "#1_0", "rotation": 90},
				"south": {"uv": [6, 14, 10.5, 14.5], "texture": "#1_0"},
				"west": {"uv": [6, 11.5, 6.5, 14.5], "texture": "#1_0", "rotation": 270},
				"up": {"uv": [6, 11.5, 10.5, 14.5], "texture": "#1_0"},
				"down": {"uv": [5.5, 11.5, 10, 14.5], "texture": "#1_1", "rotation": 180}
			}
		},
		{
			"name": "b_d1",
			"from": [10.5, 0, 11],
			"to": [14, 0.5, 14],
			"rotation": {"angle": -22.5, "axis": "y", "origin": [8, 0, 14]},
			"faces": {
				"north": {"uv": [7, 11.5, 10.5, 12], "texture": "#1_0", "rotation": 180},
				"east": {"uv": [13.5, 11, 14, 14], "texture": "#1_0", "rotation": 90},
				"south": {"uv": [7, 14, 10.5, 14.5], "texture": "#1_0"},
				"west": {"uv": [10, 11.5, 10.5, 14.5], "texture": "#1_0", "rotation": 270},
				"up": {"uv": [10.5, 11, 14, 14], "texture": "#1_0"},
				"down": {"uv": [2, 11, 5.5, 14], "texture": "#1_1", "rotation": 180}
			}
		},
		{
			"name": "t_d2",
			"from": [12.5, 0, 14],
			"to": [14, 0.5, 14.5],
			"rotation": {"angle": 22.5, "axis": "y", "origin": [15, 0, 10]},
			"faces": {
				"east": {"uv": [14, 2, 14.5, 2.5], "texture": "#1_0", "rotation": 180},
				"south": {"uv": [14, 2, 14.5, 3.5], "texture": "#1_0", "rotation": 90},
				"west": {"uv": [14, 3, 14.5, 3.5], "texture": "#1_0"},
				"up": {"uv": [14, 2, 14.5, 3.5], "texture": "#1_0", "rotation": 90},
				"down": {"uv": [1.5, 2, 2, 3.5], "texture": "#1", "rotation": 90}
			}
		},
		{
			"name": "t_g1",
			"from": [13, 0, 1.5],
			"to": [14.5, 0.5, 2],
			"rotation": {"angle": 22.5, "axis": "y", "origin": [15, 0, 10]},
			"faces": {
				"north": {"uv": [1.5, 1.5, 2, 3], "texture": "#1_0", "rotation": 270},
				"east": {"uv": [1.5, 1.5, 2, 2], "texture": "#1_0", "rotation": 180},
				"west": {"uv": [1.5, 2.5, 2, 3], "texture": "#1_0"},
				"up": {"uv": [1.5, 1.5, 2, 3], "texture": "#1_0", "rotation": 90},
				"down": {"uv": [14, 1.5, 14.5, 3], "texture": "#1", "rotation": 90}
			}
		},
		{
			"name": "t_g2",
			"from": [11.5, 0, 2],
			"to": [14.5, 0.5, 4],
			"rotation": {"angle": 22.5, "axis": "y", "origin": [15, 0, 10]},
			"faces": {
				"north": {"uv": [2, 1.5, 2.5, 4.5], "texture": "#1_0", "rotation": 270},
				"east": {"uv": [2, 1.5, 4, 2], "texture": "#1_0", "rotation": 180},
				"south": {"uv": [3.5, 1.5, 4, 4.5], "texture": "#1_0", "rotation": 90},
				"west": {"uv": [2, 4, 4, 4.5], "texture": "#1_0"},
				"up": {"uv": [2, 1.5, 4, 4.5], "texture": "#1_0", "rotation": 90},
				"down": {"uv": [12, 1.5, 14, 4.5], "texture": "#1", "rotation": 90}
			}
		},
		{
			"name": "t_m",
			"from": [12, 0, 4],
			"to": [15, 0.5, 10],
			"rotation": {"angle": 22.5, "axis": "y", "origin": [15, 0, 10]},
			"faces": {
				"north": {"uv": [5.5, 1, 6, 4], "texture": "#1_0", "rotation": 270},
				"east": {"uv": [5.5, 1, 10.5, 1.5], "texture": "#1_0", "rotation": 180},
				"south": {"uv": [9.5, 1, 10, 4], "texture": "#1_0", "rotation": 90},
				"west": {"uv": [5.5, 3.5, 10, 4], "texture": "#1_0"},
				"up": {"uv": [4, 1, 10, 4], "texture": "#1_0", "rotation": 90},
				"down": {"uv": [6, 1, 12, 4], "texture": "#1", "rotation": 90}
			}
		},
		{
			"name": "t_d1",
			"from": [12.5, 0, 10],
			"to": [15.5, 0.5, 14],
			"rotation": {"angle": 22.5, "axis": "y", "origin": [15, 0, 10]},
			"faces": {
				"north": {"uv": [10, 0.5, 10.5, 3.5], "texture": "#1_0", "rotation": 270},
				"east": {"uv": [6, 1, 10, 1.5], "texture": "#1_0", "rotation": 180},
				"south": {"uv": [13.5, 0.5, 14, 3.5], "texture": "#1_0", "rotation": 90},
				"west": {"uv": [6, 3.5, 10, 4], "texture": "#1_0"},
				"up": {"uv": [10, 0.5, 14, 3.5], "texture": "#1_0", "rotation": 90},
				"down": {"uv": [2, 0.5, 6, 3.5], "texture": "#1", "rotation": 90}
			}
		}
	],
	"groups": [
		{
			"name": "rails",
			"isOpen": true,
			"shade": true,
			"display": {
				"visibility": true,
				"autouv": true
			},
			"children": [0, 1, 2]
		},
		{
			"name": "rails",
			"isOpen": false,
			"shade": true,
			"display": {
				"visibility": true,
				"autouv": true
			},
			"children": [3, 4, 5, 6, 7]
		},
		{
			"name": "rail_planck_bottom",
			"shade": true,
			"display": {
				"visibility": true,
				"autouv": true
			},
			"children": [
				{
					"name": "rails",
					"isOpen": true,
					"shade": true,
					"display": {
						"visibility": true,
						"autouv": true
					},
					"children": []
				},
				{
					"name": "bottom",
					"isOpen": true,
					"shade": true,
					"display": {
						"visibility": true,
						"autouv": true
					},
					"children": [8, 9, 10, 11, 12]
				}
			]
		},
		{
			"name": "rail_planck_top",
			"shade": true,
			"display": {
				"visibility": true,
				"autouv": true
			},
			"children": [
				{
					"name": "top",
					"isOpen": true,
					"shade": true,
					"display": {
						"visibility": true,
						"autouv": true
					},
					"children": [13, 14, 15, 16, 17]
				}
			]
		}
	]
}