{
	"credit": "Made with Blockbench",
	"ambientocclusion": false,
	"textures": {
		"1": "minecraft:block/powered_rail_on"
	},
	"elements": [
		{
			"name": "planck",
			"from": [7, 14.51, 4],
			"to": [9, 15.01, 14.5],
			"rotation": {"angle": 45, "axis": "x", "origin": [0, 14, 1.5]},
			"faces": {
				"up": {"uv": [7, 2.5, 9, 13], "texture": "#1"},
				"down": {"uv": [5.5, 1, 10, 4], "texture": "#1"}
			}
		},
		{
			"name": "planck",
			"from": [1, 14, 7.5],
			"to": [15, 14.5, 11.5],
			"rotation": {"angle": 45, "axis": "x", "origin": [0, 14, 1.5]},
			"faces": {
				"up": {"uv": [1, 6, 15, 10], "texture": "#1"},
				"down": {"uv": [5.5, 1, 10, 4], "texture": "#1"}
			}
		},
		{
			"from": [9, 14.5, 3],
			"to": [10, 15.5, 15.5],
			"rotation": {"angle": 45, "axis": "x", "origin": [0, 14, 1.5]},
			"faces": {
				"north": {"uv": [9, 1.5, 10, 2.5], "texture": "#1", "rotation": 180},
				"east": {"uv": [9, 1.5, 10, 14], "texture": "#1", "rotation": 270},
				"south": {"uv": [9, 13, 10, 14], "texture": "#1"},
				"west": {"uv": [11.5, 1.5, 12, 14], "texture": "#1", "rotation": 90},
				"up": {"uv": [9, 1.5, 10, 14], "texture": "#1"},
				"down": {"uv": [9, 1.5, 10, 14], "texture": "#1"}
			}
		},
		{
			"from": [15, 14, 6.5],
			"to": [16, 15, 12.5],
			"rotation": {"angle": 45, "axis": "x", "origin": [0, 14, 1.5]},
			"faces": {
				"north": {"uv": [15, 5, 16, 6], "texture": "#1"},
				"east": {"uv": [15, 5, 16, 11], "texture": "#1", "rotation": 90},
				"south": {"uv": [15, 10, 16, 11], "texture": "#1"},
				"west": {"uv": [0, 10.5, 4.5, 11], "texture": "#1"},
				"up": {"uv": [15, 5, 16, 11], "texture": "#1"},
				"down": {"uv": [15, 5, 16, 11], "texture": "#1"}
			}
		},
		{
			"from": [6, 14.5, 3],
			"to": [7, 15.5, 15.5],
			"rotation": {"angle": 45, "axis": "x", "origin": [0, 14, 1.5]},
			"faces": {
				"north": {"uv": [6, 1.5, 7, 2.5], "texture": "#1", "rotation": 180},
				"east": {"uv": [7, 4.5, 7.5, 11.5], "texture": "#1"},
				"south": {"uv": [6, 13, 7, 14], "texture": "#1"},
				"west": {"uv": [6, 1.5, 7, 14], "texture": "#1", "rotation": 90},
				"up": {"uv": [6, 1.5, 7, 14], "texture": "#1"},
				"down": {"uv": [6, 1.5, 7, 14], "texture": "#1"}
			}
		},
		{
			"from": [0, 14, 6.5],
			"to": [1, 15, 12.5],
			"rotation": {"angle": 45, "axis": "x", "origin": [0, 14, 1.5]},
			"faces": {
				"north": {"uv": [0, 5, 1, 6], "texture": "#1"},
				"east": {"uv": [0, 10.5, 4.5, 11], "texture": "#1"},
				"south": {"uv": [0, 10, 1, 11], "texture": "#1"},
				"west": {"uv": [0, 5, 1, 11], "texture": "#1", "rotation": 90},
				"up": {"uv": [0, 5, 1, 11], "texture": "#1"},
				"down": {"uv": [0, 5, 1, 11], "texture": "#1"}
			}
		},
		{
			"from": [7, 14.5, 14.5],
			"to": [9, 15.5, 15.5],
			"rotation": {"angle": 45, "axis": "x", "origin": [0, 14, 1.5]},
			"faces": {
				"north": {"uv": [7, 10.5, 9, 11], "texture": "#1"},
				"south": {"uv": [7, 13, 9, 14], "texture": "#1", "rotation": 180},
				"up": {"uv": [7, 13, 9, 14], "texture": "#1"},
				"down": {"uv": [7, 13, 9, 14], "texture": "#1"}
			}
		},
		{
			"from": [1, 14, 11.5],
			"to": [15, 15, 12.5],
			"rotation": {"angle": 45, "axis": "x", "origin": [0, 14, 1.5]},
			"faces": {
				"north": {"uv": [0, 10.5, 4.5, 11], "texture": "#1"},
				"south": {"uv": [11, 1, 12, 15], "texture": "#1", "rotation": 270},
				"up": {"uv": [11, 1, 12, 15], "texture": "#1", "rotation": 90},
				"down": {"uv": [4.5, 1, 5.5, 15], "texture": "#1", "rotation": 90}
			}
		},
		{
			"from": [7, 14.5, 3],
			"to": [9, 15.5, 4],
			"rotation": {"angle": 45, "axis": "x", "origin": [0, 14, 1.5]},
			"faces": {
				"north": {"uv": [7, 1.5, 9.5, 2.5], "texture": "#1", "rotation": 180},
				"south": {"uv": [7, 10.5, 9, 11], "texture": "#1"},
				"up": {"uv": [7, 1.5, 9, 2.5], "texture": "#1"},
				"down": {"uv": [7, 1.5, 9, 2.5], "texture": "#1"}
			}
		},
		{
			"from": [1, 14, 6.5],
			"to": [15, 15, 7.5],
			"rotation": {"angle": 45, "axis": "x", "origin": [0, 14, 1.5]},
			"faces": {
				"north": {"uv": [11, 1, 12, 15], "texture": "#1", "rotation": 90},
				"south": {"uv": [0, 10.5, 4.5, 11], "texture": "#1"},
				"up": {"uv": [4, 1, 5, 15], "texture": "#1", "rotation": 90},
				"down": {"uv": [11, 1, 12, 15], "texture": "#1", "rotation": 90}
			}
		},
		{
			"from": [2, 14.5, 8],
			"to": [3, 15.5, 11],
			"rotation": {"angle": 45, "axis": "x", "origin": [0, 14, 1.5]},
			"faces": {
				"north": {"uv": [13, 6.5, 14, 7.5], "texture": "#1"},
				"east": {"uv": [2, 6.5, 3, 9.5], "texture": "#1", "rotation": 90},
				"south": {"uv": [13, 8.5, 14, 9.5], "texture": "#1"},
				"west": {"uv": [13, 6.5, 14, 9.5], "texture": "#1", "rotation": 90},
				"up": {"uv": [2, 6.5, 3, 9.5], "texture": "#1"}
			}
		},
		{
			"from": [13, 14.5, 8],
			"to": [14, 15.5, 11],
			"rotation": {"angle": 45, "axis": "x", "origin": [0, 14, 1.5]},
			"faces": {
				"north": {"uv": [13, 6.5, 14, 7.5], "texture": "#1"},
				"east": {"uv": [2, 6.5, 3, 9.5], "texture": "#1", "rotation": 90},
				"south": {"uv": [13, 8.5, 14, 9.5], "texture": "#1"},
				"west": {"uv": [13, 6.5, 14, 9.5], "texture": "#1", "rotation": 90},
				"up": {"uv": [13, 6.5, 14, 9.5], "texture": "#1"}
			}
		}
	]
}