{
	"credit": "Made with Blockbench",
	"textures": {
		"top": "block/variants/stone/cobblestone/cobblestone_top",
		"side": "block/cobblestone",
		"particle": "block/cobblestone",
		"infested": "block/variants/infested/template_inventory_infested"
	},
	"elements": [
		{
			"from": [0, 0, 0],
			"to": [16, 16, 16],
			"rotation": {"angle": 0, "axis": "y", "origin": [8, 8, 8]},
			"faces": {
				"north": {"uv": [0, 0, 16, 16], "texture": "#side"},
				"east": {"uv": [0, 0, 16, 16], "texture": "#side"},
				"south": {"uv": [0, 0, 16, 16], "texture": "#side"},
				"west": {"uv": [0, 0, 16, 16], "texture": "#side"},
				"up": {"uv": [0, 0, 16, 16], "texture": "#top"},
				"down": {"uv": [0, 0, 16, 16], "texture": "#top"}
			}
		},
		{
			"from": [10, 16, -3],
			"to": [16, 20, 1],
			"rotation": {"angle": -22.5, "axis": "y", "origin": [2, 0, -4]},
			"faces": {
				"north": {"uv": [2, 2, 5, 4], "texture": "#infested"},
				"east": {"uv": [0, 2, 2, 4], "texture": "#infested"},
				"south": {"uv": [7, 2, 10, 4], "texture": "#infested"},
				"west": {"uv": [5, 2, 7, 4], "texture": "#infested"},
				"up": {"uv": [2, 0, 5, 2], "texture": "#infested", "rotation": 180},
				"down": {"uv": [5, 0, 8, 2], "texture": "#infested"}
			}
		},
		{
			"from": [9, 15, 1],
			"to": [17, 21, 5],
			"rotation": {"angle": -22.5, "axis": "y", "origin": [2, 0, -4]},
			"faces": {
				"north": {"uv": [2, 6, 6, 9], "texture": "#infested"},
				"east": {"uv": [0, 6, 2, 9], "texture": "#infested"},
				"south": {"uv": [8, 6, 12, 9], "texture": "#infested"},
				"west": {"uv": [6, 6, 8, 9], "texture": "#infested"},
				"up": {"uv": [2, 4, 6, 6], "texture": "#infested", "rotation": 180},
				"down": {"uv": [6, 4, 10, 6], "texture": "#infested"}
			}
		},
		{
			"from": [11, 16, 5],
			"to": [15, 20, 11],
			"rotation": {"angle": -22.5, "axis": "y", "origin": [2, 0, -4]},
			"faces": {
				"north": {"uv": [3, 12, 5, 14], "texture": "#infested"},
				"east": {"uv": [0, 12, 3, 14], "texture": "#infested"},
				"south": {"uv": [8, 12, 10, 14], "texture": "#infested"},
				"west": {"uv": [5, 12, 8, 14], "texture": "#infested"},
				"up": {"uv": [3, 9, 5, 12], "texture": "#infested", "rotation": 180},
				"down": {"uv": [5, 9, 7, 12], "texture": "#infested"}
			}
		}
	],
    "display": {
        "gui": {
            "rotation": [ 30, 225, 0 ],
            "translation": [ 0, 0, 0],
            "scale":[ 0.625, 0.625, 0.625 ]
        },
        "ground": {
            "rotation": [ 0, 0, 0 ],
            "translation": [ 0, 3, 0],
            "scale":[ 0.25, 0.25, 0.25 ]
        },
        "fixed": {
            "rotation": [ 0, 0, 0 ],
            "translation": [ 0, 0, 0],
            "scale":[ 0.5, 0.5, 0.5 ]
        },
        "thirdperson_righthand": {
            "rotation": [ 75, 45, 0 ],
            "translation": [ 0, 2.5, 0],
            "scale": [ 0.375, 0.375, 0.375 ]
        },
        "firstperson_righthand": {
            "rotation": [ 0, 135, 0 ],
            "translation": [ 0, 0, 0 ],
            "scale": [ 0.40, 0.40, 0.40 ]
        },
        "firstperson_lefthand": {
            "rotation": [ 0, 135, 0 ],
            "translation": [ 0, 0, 0 ],
            "scale": [ 0.40, 0.40, 0.40 ]
        }
    }
}
