{
    "__createdwith": "opl's Model Creator",
    "ambientocclusion": false,
    "textures": {
        "texture": "blocks/chorus_plant",
        "particle": "blocks/chorus_plant",
        "inside": "blocks/chorus_plant"
    },
    "elements": [
        {
            "from": [6,0,6],
            "to": [10,16,10],
            "faces": {
                "up": { "texture": "#texture" },
                "down": { "texture": "#texture" },
                "west": { "texture": "#texture" },
                "east": { "texture": "#texture" },
                "north": { "texture": "#texture" },
                "south": { "texture": "#texture" }
            }
        }
    ]
}
