{
    "ambientocclusion": false,
    "textures": {
        "particle": "#side"
    },
    "elements": [
        {   "from": [ 0, 0, 0 ],
            "to": [ 16, 16, 16 ],
            "faces": {
                "down":  { "texture": "#down", "cullface": "down" },
                "up":    { "texture": "#up", "cullface": "up" },
                "north": { "texture": "#side", "cullface": "north" },
                "south": { "texture": "#side", "cullface": "south" },
                "west":  { "texture": "#side", "cullface": "west" },
                "east":  { "texture": "#side", "cullface": "east" }
            }
        },
        {
            "from": [13.5,16,2],
            "to": [13.5,18,2.5],
            "rotation": { "origin": [13.5,16,2], "axis": "y", "angle": 45, "rescale": false },
            "faces": {
                "west": { "uv": [2,14,2.5,16], "texture": "#crop", "cullface": "up" },
                "east": { "uv": [2,14,2.5,16], "texture": "#crop", "cullface": "up" }
            }
        },
        {
            "from": [5,16,0.5],
            "to": [5,17,1],
            "rotation": { "origin": [5,16,0.5], "axis": "y", "angle": -45, "rescale": false },
            "faces": {
                "west": { "uv": [0.5,15,1,16], "texture": "#crop", "cullface": "up" },
                "east": { "uv": [0.5,15,1,16], "texture": "#crop", "cullface": "up" }
            }
        },
        {
            "from": [10,16,3],
            "to": [10,17.5,3.5],
            "rotation": { "origin": [10,16,3], "axis": "y", "angle": 45, "rescale": false },
            "faces": {
                "west": { "uv": [3,14.5,3.5,16], "texture": "#crop", "cullface": "up" },
                "east": { "uv": [3,14.5,3.5,16], "texture": "#crop", "cullface": "up" }
            }
        },
        {
            "from": [6.5,16,4.5],
            "to": [6.5,18,5],
            "rotation": { "origin": [6.5,16,4.5], "axis": "y", "angle": -45, "rescale": false },
            "faces": {
                "west": { "uv": [4.5,14,5,16], "texture": "#crop", "cullface": "up" },
                "east": { "uv": [4.5,14,5,16], "texture": "#crop", "cullface": "up" }
            }
        },
        {
            "from": [5.5,16,5.5],
            "to": [5.5,18.5,6],
            "rotation": { "origin": [5.5,16,5.5], "axis": "y", "angle": 45, "rescale": false },
            "faces": {
                "west": { "uv": [5.5,13.5,6,16], "texture": "#crop", "cullface": "up" },
                "east": { "uv": [5.5,13.5,6,16], "texture": "#crop", "cullface": "up" }
            }
        },
        {
            "from": [13.5,16,6.5],
            "to": [13.5,17.5,7],
            "rotation": { "origin": [13.5,16,6.5], "axis": "y", "angle": -45, "rescale": false },
            "faces": {
                "west": { "uv": [6.5,14.5,7,16], "texture": "#crop", "cullface": "up" },
                "east": { "uv": [6.5,14.5,7,16], "texture": "#crop", "cullface": "up" }
            }
        },
        {
            "from": [2,16,7.5],
            "to": [2,16.5,8],
            "rotation": { "origin": [2,16,7.5], "axis": "y", "angle": 45, "rescale": false },
            "faces": {
                "west": { "uv": [7.5,15.5,8,16], "texture": "#crop", "cullface": "up" },
                "east": { "uv": [7.5,15.5,8,16], "texture": "#crop", "cullface": "up" }
            }
        },
        {
            "from": [7,16,9.5],
            "to": [7,17.5,10],
            "rotation": { "origin": [7,16,9.5], "axis": "y", "angle": -45, "rescale": false },
            "faces": {
                "west": { "uv": [9.5,14.5,10,16], "texture": "#crop", "cullface": "up" },
                "east": { "uv": [9.5,14.5,10,16], "texture": "#crop", "cullface": "up" }
            }
        },
        {
            "from": [11,16,10.5],
            "to": [11,17,11],
            "rotation": { "origin": [11,16,10.5], "axis": "y", "angle": 45, "rescale": false },
            "faces": {
                "west": { "uv": [10.5,15,11,16], "texture": "#crop", "cullface": "up" },
                "east": { "uv": [10.5,15,11,16], "texture": "#crop", "cullface": "up" }
            }
        },
        {
            "from": [8,16,11.5],
            "to": [8,18,12],
            "rotation": { "origin": [8,16,11.5], "axis": "y", "angle": -45, "rescale": false },
            "faces": {
                "west": { "uv": [11.5,14,12,16], "texture": "#crop", "cullface": "up" },
                "east": { "uv": [11.5,14,12,16], "texture": "#crop", "cullface": "up" }
            }
        },
        {
            "from": [0.5,16,13],
            "to": [0.5,17,13.5],
            "rotation": { "origin": [0.5,16,13], "axis": "y", "angle": 45, "rescale": false },
            "faces": {
                "west": { "uv": [13,15,13.5,16], "texture": "#crop", "cullface": "up" },
                "east": { "uv": [13,15,13.5,16], "texture": "#crop", "cullface": "up" }
            }
        },
        {
            "from": [14,16,14.5],
            "to": [14,16.5,15],
            "rotation": { "origin": [14,16,14.5], "axis": "y", "angle": -45, "rescale": false },
            "faces": {
                "west": { "uv": [14.5,15.5,15,16], "texture": "#crop", "cullface": "up" },
                "east": { "uv": [14.5,15.5,15,16], "texture": "#crop", "cullface": "up" }
            }
        }
    ],
    "display": {
        "gui": {
            "rotation": [ 30, 225, 0 ],
            "translation": [ 0, 0, 0],
            "scale":[ 0.625, 0.625, 0.625 ]
        },
        "ground": {
            "rotation": [ 0, 0, 0 ],
            "translation": [ 0, 3, 0],
            "scale":[ 0.25, 0.25, 0.25 ]
        },
        "fixed": {
            "rotation": [ 0, 0, 0 ],
            "translation": [ 0, 0, 0],
            "scale":[ 0.5, 0.5, 0.5 ]
        },
        "thirdperson_righthand": {
            "rotation": [ 75, 45, 0 ],
            "translation": [ 0, 2.5, 0],
            "scale": [ 0.375, 0.375, 0.375 ]
        },
        "firstperson_righthand": {
            "rotation": [ 0, 45, 0 ],
            "translation": [ 0, 0, 0 ],
            "scale": [ 0.40, 0.40, 0.40 ]
        },
        "firstperson_lefthand": {
            "rotation": [ 0, 225, 0 ],
            "translation": [ 0, 0, 0 ],
            "scale": [ 0.40, 0.40, 0.40 ]
        }
    }
}
