{
	"__comment": "This file was generated by notflat",
	"useAmbientOcclusion": false,
	"elements": [
		{
			"type": "cube",
			"from": [ 7, 14.5, 7 ],
			"to": [ 9, 15.5, 9 ],
			"faceData": {
				"down": {"uv":[11,5,13,6],"textureFacing":"down","cull":false},
				"up": {"uv":[11,5,13,6],"textureFacing":"up","cull":false},
				"north": {"uv":[9,0.5,11,1.5],"textureFacing":"north","cull":false},
				"south": {"uv":[9,0.5,11,1.5],"textureFacing":"south","cull":false},
				"west": {"uv":[9,0.5,11,1.5],"textureFacing":"west","cull":false},
				"east": {"uv":[9,0.5,11,1.5],"textureFacing":"east","cull":false}
			}
		},
		{
			"type": "cube",
			"from": [ 7.5, 0, 7.5 ],
			"to": [ 8.5, 16, 8.5 ],
			"faceData": {
				"down": {"uv":[9.5,9.5,10.5,10.5],"textureFacing":"down","cull":false},
				"up": {"uv":[9.5,9.5,10.5,10.5],"textureFacing":"up","cull":false},
				"north": {"uv":[9.5,0,10.5,16],"textureFacing":"north","cull":false},
				"south": {"uv":[9.5,0,10.5,16],"textureFacing":"south","cull":false},
				"west": {"uv":[9.5,0,10.5,16],"textureFacing":"west","cull":false},
				"east": {"uv":[9.5,0,10.5,16],"textureFacing":"east","cull":false}
			}
		}
	]
}
