{
	"__comment": "This file was generated by notflat",
	"useAmbientOcclusion": true,
	"elements": [
		{
			"type": "cube",
			"from": [ 9, 3.5, 7 ],
			"to": [ 16, 5, 9 ],
			"faceData": {
				"down": {"uv":[0,11,9,12.5],"textureFacing":"down","cull":false},
				"up": {"uv":[0,11,9,12.5],"textureFacing":"up","cull":false},
				"west": {"uv":[9,11,9,12.5],"textureFacing":"west","cull":false},
				"east": {"uv":[7,11,9,12.5],"textureFacing":"east","cull":false},
				"north": {"uv":[9,11,16,12.5],"textureFacing":"north","cull":false},
				"south": {"uv":[16,11,9,12.5],"textureFacing":"south","cull":false}
			}
		},
		{
			"type": "cube",
			"from": [ 9, 10, 7 ],
			"to": [ 16, 11.5, 9 ],
			"faceData": {
				"down": {"uv":[0,11,9,12.5],"textureFacing":"down","cull":false},
				"up": {"uv":[0,11,9,12.5],"textureFacing":"up","cull":false},
				"north": {"uv":[7,4.5,9,6],"textureFacing":"north","cull":false},
				"south": {"uv":[7,4.5,9,6],"textureFacing":"south","cull":false},
				"west": {"uv":[9,4.5,16,6],"textureFacing":"west","cull":false},
				"east": {"uv":[9,4.5,16,6],"textureFacing":"east","cull":false}
			}
		},
		{
			"type": "cube",
			"from": [ 0, 3.5, 7 ],
			"to": [ 8, 5, 9 ],
			"faceData": {
				"down": {"uv":[0,11,9,12.5],"textureFacing":"down","cull":false},
				"up": {"uv":[0,11,9,12.5],"textureFacing":"up","cull":false},
				"west": {"uv":[9,11,9,12.5],"textureFacing":"west","cull":false},
				"east": {"uv":[7,11,9,12.5],"textureFacing":"east","cull":false},
				"north": {"uv":[9,11,16,12.5],"textureFacing":"north","cull":false},
				"south": {"uv":[16,11,9,12.5],"textureFacing":"south","cull":false}
			}
		},
		{
			"type": "cube",
			"from": [ 0, 10, 7 ],
			"to": [ 8, 11.5, 9 ],
			"faceData": {
				"down": {"uv":[0,11,9,12.5],"textureFacing":"down","cull":false},
				"up": {"uv":[0,11,9,12.5],"textureFacing":"up","cull":false},
				"north": {"uv":[7,4.5,9,6],"textureFacing":"north","cull":false},
				"south": {"uv":[7,4.5,9,6],"textureFacing":"south","cull":false},
				"west": {"uv":[9,4.5,16,6],"textureFacing":"west","cull":false},
				"east": {"uv":[9,4.5,16,6],"textureFacing":"east","cull":false}
			}
		},
		{
			"type": "cube",
			"from": [ 5, 14.5, 7 ],
			"to": [ 7, 15.5, 9 ],
			"faceData": {
				"down": {"uv":[11,5,13,6],"textureFacing":"down","cull":false},
				"up": {"uv":[11,5,13,6],"textureFacing":"up","cull":false},
				"north": {"uv":[9,0.5,11,1.5],"textureFacing":"north","cull":false},
				"south": {"uv":[9,0.5,11,1.5],"textureFacing":"south","cull":false},
				"west": {"uv":[9,0.5,11,1.5],"textureFacing":"west","cull":false},
				"east": {"uv":[9,0.5,11,1.5],"textureFacing":"east","cull":false}
			}
		},
		{
			"type": "cube",
			"from": [ 1, 14.5, 7 ],
			"to": [ 3, 15.5, 9 ],
			"faceData": {
				"down": {"uv":[12,5,14,6],"textureFacing":"down","cull":false},
				"up": {"uv":[13,5,15,6],"textureFacing":"up","cull":false},
				"north": {"uv":[13,0.5,15,1.5],"textureFacing":"north","cull":false},
				"south": {"uv":[13,0.5,15,1.5],"textureFacing":"south","cull":false},
				"west": {"uv":[13,0.5,15,1.5],"textureFacing":"west","cull":false},
				"east": {"uv":[13,0.5,15,1.5],"textureFacing":"east","cull":false}
			}
		},
		{
			"type": "cube",
			"from": [ 5.5, 0, 7.5 ],
			"to": [ 6.5, 16, 8.5 ],
			"faceData": {
				"down": {"uv":[9.5,13.5,10.5,14.5],"textureFacing":"down","cull":false},
				"up": {"uv":[9.5,13.5,10.5,14.5],"textureFacing":"up","cull":false},
				"north": {"uv":[9.5,0,10.5,16],"textureFacing":"north","cull":false},
				"south": {"uv":[9.5,0,10.5,16],"textureFacing":"south","cull":false},
				"west": {"uv":[13.5,0,14.5,16],"textureFacing":"west","cull":false},
				"east": {"uv":[13.5,0,14.5,16],"textureFacing":"east","cull":false}
			}
		},
		{
			"type": "cube",
			"from": [ 1.5, 0, 7.5 ],
			"to": [ 2.5, 16, 8.5 ],
			"faceData": {
				"down": {"uv":[9.5,9.5,10.5,10.5],"textureFacing":"down","cull":false},
				"up": {"uv":[9.5,9.5,10.5,10.5],"textureFacing":"up","cull":false},
				"north": {"uv":[9.5,0,10.5,16],"textureFacing":"north","cull":false},
				"south": {"uv":[9.5,0,10.5,16],"textureFacing":"south","cull":false},
				"west": {"uv":[9.5,0,10.5,16],"textureFacing":"west","cull":false},
				"east": {"uv":[9.5,0,10.5,16],"textureFacing":"east","cull":false}
			}
		},
		{
			"type": "cube",
			"from": [ 13, 14.5, 7 ],
			"to": [ 15, 15.5, 9 ],
			"faceData": {
				"down": {"uv":[11,5,13,6],"textureFacing":"down","cull":false},
				"up": {"uv":[11,5,13,6],"textureFacing":"up","cull":false},
				"north": {"uv":[9,0.5,11,1.5],"textureFacing":"north","cull":false},
				"south": {"uv":[9,0.5,11,1.5],"textureFacing":"south","cull":false},
				"west": {"uv":[9,0.5,11,1.5],"textureFacing":"west","cull":false},
				"east": {"uv":[9,0.5,11,1.5],"textureFacing":"east","cull":false}
			}
		},
		{
			"type": "cube",
			"from": [ 9, 14.5, 7 ],
			"to": [ 11, 15.5, 9 ],
			"faceData": {
				"down": {"uv":[12,5,14,6],"textureFacing":"down","cull":false},
				"up": {"uv":[13,5,15,6],"textureFacing":"up","cull":false},
				"north": {"uv":[13,0.5,15,1.5],"textureFacing":"north","cull":false},
				"south": {"uv":[13,0.5,15,1.5],"textureFacing":"south","cull":false},
				"west": {"uv":[13,0.5,15,1.5],"textureFacing":"west","cull":false},
				"east": {"uv":[13,0.5,15,1.5],"textureFacing":"east","cull":false}
			}
		},
		{
			"type": "cube",
			"from": [ 13.5, 0, 7.5 ],
			"to": [ 14.5, 16, 8.5 ],
			"faceData": {
				"down": {"uv":[9.5,13.5,10.5,14.5],"textureFacing":"down","cull":false},
				"up": {"uv":[9.5,13.5,10.5,14.5],"textureFacing":"up","cull":false},
				"north": {"uv":[9.5,0,10.5,16],"textureFacing":"north","cull":false},
				"south": {"uv":[9.5,0,10.5,16],"textureFacing":"south","cull":false},
				"west": {"uv":[13.5,0,14.5,16],"textureFacing":"west","cull":false},
				"east": {"uv":[13.5,0,14.5,16],"textureFacing":"east","cull":false}
			}
		},
		{
			"type": "cube",
			"from": [ 9.5, 0, 7.5 ],
			"to": [ 10.5, 16, 8.5 ],
			"faceData": {
				"down": {"uv":[9.5,9.5,10.5,10.5],"textureFacing":"down","cull":false},
				"up": {"uv":[9.5,9.5,10.5,10.5],"textureFacing":"up","cull":false},
				"north": {"uv":[9.5,0,10.5,16],"textureFacing":"north","cull":false},
				"south": {"uv":[9.5,0,10.5,16],"textureFacing":"south","cull":false},
				"west": {"uv":[9.5,0,10.5,16],"textureFacing":"west","cull":false},
				"east": {"uv":[9.5,0,10.5,16],"textureFacing":"east","cull":false}
			}
		},
		{
			"type": "cube",
			"from": [ 7, 3.5, 0 ],
			"to": [ 9, 5, 16 ],
			"faceData": {
				"down": {"rotation":90,"uv":[0,11,16,12.5],"textureFacing":"down","cull":false},
				"up": {"rotation":90,"uv":[0,11,16,12.5],"textureFacing":"up","cull":false},
				"north": {"uv":[9,11,7,12.5],"textureFacing":"north","cull":false},
				"south": {"uv":[7,11,9,12.5],"textureFacing":"south","cull":false},
				"west": {"uv":[9,11,16,12.5],"textureFacing":"west","cull":false},
				"east": {"uv":[16,11,9,12.5],"textureFacing":"east","cull":false}
			}
		},
		{
			"type": "cube",
			"from": [ 7, 10, 0 ],
			"to": [ 9, 11.5, 16 ],
			"faceData": {
				"down": {"rotation":90,"uv":[0,11,16,12.5],"textureFacing":"down","cull":false},
				"up": {"rotation":90,"uv":[0,11,16,12.5],"textureFacing":"up","cull":false},
				"north": {"uv":[7,4.5,9,6],"textureFacing":"north","cull":false},
				"south": {"uv":[7,4.5,9,6],"textureFacing":"south","cull":false},
				"west": {"uv":[9,4.5,16,6],"textureFacing":"west","cull":false},
				"east": {"uv":[9,4.5,16,6],"textureFacing":"east","cull":false}
			}
		},
		{
			"type": "cube",
			"from": [ 7, 14.5, 9 ],
			"to": [ 9, 15.5, 11 ],
			"faceData": {
				"down": {"uv":[11,5,13,6],"textureFacing":"down","cull":false},
				"up": {"uv":[11,5,13,6],"textureFacing":"up","cull":false},
				"north": {"uv":[9,0.5,11,1.5],"textureFacing":"north","cull":false},
				"south": {"uv":[9,0.5,11,1.5],"textureFacing":"south","cull":false},
				"west": {"uv":[9,0.5,11,1.5],"textureFacing":"west","cull":false},
				"east": {"uv":[9,0.5,11,1.5],"textureFacing":"east","cull":false}
			}
		},
		{
			"type": "cube",
			"from": [ 7, 14.5, 13 ],
			"to": [ 9, 15.5, 15 ],
			"faceData": {
				"down": {"uv":[12,5,14,6],"textureFacing":"down","cull":false},
				"up": {"uv":[13,5,15,6],"textureFacing":"up","cull":false},
				"north": {"uv":[13,0.5,15,1.5],"textureFacing":"north","cull":false},
				"south": {"uv":[13,0.5,15,1.5],"textureFacing":"south","cull":false},
				"west": {"uv":[13,0.5,15,1.5],"textureFacing":"west","cull":false},
				"east": {"uv":[13,0.5,15,1.5],"textureFacing":"east","cull":false}
			}
		},
		{
			"type": "cube",
			"from": [ 7.5, 0, 13.5 ],
			"to": [ 8.5, 16, 14.5 ],
			"faceData": {
				"down": {"uv":[9.5,13.5,10.5,14.5],"textureFacing":"down","cull":false},
				"up": {"uv":[9.5,13.5,10.5,14.5],"textureFacing":"up","cull":false},
				"north": {"uv":[9.5,0,10.5,16],"textureFacing":"north","cull":false},
				"south": {"uv":[9.5,0,10.5,16],"textureFacing":"south","cull":false},
				"west": {"uv":[13.5,0,14.5,16],"textureFacing":"west","cull":false},
				"east": {"uv":[13.5,0,14.5,16],"textureFacing":"east","cull":false}
			}
		},
		{
			"type": "cube",
			"from": [ 7.5, 0, 9.5 ],
			"to": [ 8.5, 16, 10.5 ],
			"faceData": {
				"down": {"uv":[9.5,9.5,10.5,10.5],"textureFacing":"down","cull":false},
				"up": {"uv":[9.5,9.5,10.5,10.5],"textureFacing":"up","cull":false},
				"north": {"uv":[9.5,0,10.5,16],"textureFacing":"north","cull":false},
				"south": {"uv":[9.5,0,10.5,16],"textureFacing":"south","cull":false},
				"west": {"uv":[9.5,0,10.5,16],"textureFacing":"west","cull":false},
				"east": {"uv":[9.5,0,10.5,16],"textureFacing":"east","cull":false}
			}
		},
		{
			"type": "cube",
			"from": [ 7, 14.5, 1 ],
			"to": [ 9, 15.5, 3 ],
			"faceData": {
				"down": {"uv":[11,5,13,6],"textureFacing":"down","cull":false},
				"up": {"uv":[11,5,13,6],"textureFacing":"up","cull":false},
				"north": {"uv":[9,0.5,11,1.5],"textureFacing":"north","cull":false},
				"south": {"uv":[9,0.5,11,1.5],"textureFacing":"south","cull":false},
				"west": {"uv":[9,0.5,11,1.5],"textureFacing":"west","cull":false},
				"east": {"uv":[9,0.5,11,1.5],"textureFacing":"east","cull":false}
			}
		},
		{
			"type": "cube",
			"from": [ 7, 14.5, 5 ],
			"to": [ 9, 15.5, 7 ],
			"faceData": {
				"down": {"uv":[12,5,14,6],"textureFacing":"down","cull":false},
				"up": {"uv":[13,5,15,6],"textureFacing":"up","cull":false},
				"north": {"uv":[13,0.5,15,1.5],"textureFacing":"north","cull":false},
				"south": {"uv":[13,0.5,15,1.5],"textureFacing":"south","cull":false},
				"west": {"uv":[13,0.5,15,1.5],"textureFacing":"west","cull":false},
				"east": {"uv":[13,0.5,15,1.5],"textureFacing":"east","cull":false}
			}
		},
		{
			"type": "cube",
			"from": [ 7.5, 0, 5.5 ],
			"to": [ 8.5, 16, 6.5 ],
			"faceData": {
				"down": {"uv":[9.5,13.5,10.5,14.5],"textureFacing":"down","cull":false},
				"up": {"uv":[9.5,13.5,10.5,14.5],"textureFacing":"up","cull":false},
				"north": {"uv":[9.5,0,10.5,16],"textureFacing":"north","cull":false},
				"south": {"uv":[9.5,0,10.5,16],"textureFacing":"south","cull":false},
				"west": {"uv":[13.5,0,14.5,16],"textureFacing":"west","cull":false},
				"east": {"uv":[13.5,0,14.5,16],"textureFacing":"east","cull":false}
			}
		},
		{
			"type": "cube",
			"from": [ 7.5, 0, 1.5 ],
			"to": [ 8.5, 16, 2.5 ],
			"faceData": {
				"down": {"uv":[9.5,9.5,10.5,10.5],"textureFacing":"down","cull":false},
				"up": {"uv":[9.5,9.5,10.5,10.5],"textureFacing":"up","cull":false},
				"north": {"uv":[9.5,0,10.5,16],"textureFacing":"north","cull":false},
				"south": {"uv":[9.5,0,10.5,16],"textureFacing":"south","cull":false},
				"west": {"uv":[9.5,0,10.5,16],"textureFacing":"west","cull":false},
				"east": {"uv":[9.5,0,10.5,16],"textureFacing":"east","cull":false}
			}
		}
	]
}
