{
	"credit": "Made with Blockbench",
	"ambientocclusion": false,
	"textures": {
		"particle": "minecraft:block/chorus_plant",
		"texture": "minecraft:block/chorus_plant",
		"inside": "minecraft:block/chorus_flower_dead"
	},
	"elements": [
		{
			"from": [6, 6, 6],
			"to": [10, 10, 10],
			"faces": {
				"north": {"uv": [6, 6, 10, 10], "texture": "#inside"},
				"east": {"uv": [6, 6, 10, 10], "texture": "#inside"},
				"south": {"uv": [6, 6, 10, 10], "texture": "#inside"},
				"west": {"uv": [6, 6, 10, 10], "texture": "#inside"},
				"up": {"uv": [6, 6, 10, 10], "texture": "#inside"},
				"down": {"uv": [6, 6, 10, 10], "texture": "#inside"}
			}
		},
		{
			"from": [6.5, 6.5, 0],
			"to": [9.5, 9.5, 1],
			"rotation": {"angle": 0, "axis": "x", "origin": [8, 8, 8]},
			"faces": {
				"north": {"uv": [6.5, 6.5, 9.5, 9.5], "rotation": 180, "texture": "#texture"},
				"east": {"uv": [6.5, 15, 9.5, 16], "rotation": 270, "texture": "#texture"},
				"south": {"uv": [6.5, 6.5, 9.5, 9.5], "texture": "#texture"},
				"west": {"uv": [6.5, 15, 9.5, 16], "rotation": 90, "texture": "#texture"},
				"up": {"uv": [6.5, 15, 9.5, 16], "rotation": 180, "texture": "#texture"},
				"down": {"uv": [6.5, 15, 9.5, 16], "texture": "#texture"}
			}
		},
		{
			"from": [7, 7, 1],
			"to": [9, 9, 3],
			"rotation": {"angle": 0, "axis": "x", "origin": [8, 8, 8]},
			"faces": {
				"north": {"uv": [7, 7, 9, 9], "rotation": 180, "texture": "#texture"},
				"east": {"uv": [7.5, 11, 9.5, 13], "rotation": 270, "texture": "#texture"},
				"south": {"uv": [7, 7, 9, 9], "texture": "#texture"},
				"west": {"uv": [7, 11, 9, 13], "rotation": 90, "texture": "#texture"},
				"up": {"uv": [6.5, 11, 8.5, 13], "rotation": 180, "texture": "#texture"},
				"down": {"uv": [7, 11, 9, 13], "texture": "#texture"}
			}
		},
		{
			"from": [7, 7, -1],
			"to": [9, 9, 0],
			"rotation": {"angle": 0, "axis": "x", "origin": [8, 8, 8]},
			"faces": {
				"north": {"uv": [7, 7, 9, 9], "rotation": 180, "texture": "#texture"},
				"east": {"uv": [7.5, 11, 9.5, 12], "rotation": 270, "texture": "#texture"},
				"south": {"uv": [7, 7, 9, 9], "texture": "#texture"},
				"west": {"uv": [7, 11, 9, 12], "rotation": 90, "texture": "#texture"},
				"up": {"uv": [6.5, 11, 8.5, 12], "rotation": 180, "texture": "#texture"},
				"down": {"uv": [7, 11, 9, 12], "texture": "#texture"}
			}
		},
		{
			"from": [7.5, 7.5, 3],
			"to": [8.5, 8.5, 5],
			"rotation": {"angle": 0, "axis": "x", "origin": [8, 8, 8]},
			"faces": {
				"north": {"uv": [7.5, 7.5, 8.5, 8.5], "rotation": 180, "texture": "#texture"},
				"east": {"uv": [7.5, 10, 8.5, 13], "rotation": 270, "texture": "#texture"},
				"south": {"uv": [7.5, 7.5, 8.5, 8.5], "texture": "#texture"},
				"west": {"uv": [7.5, 10, 8.5, 13], "rotation": 90, "texture": "#texture"},
				"up": {"uv": [7.5, 10, 8.5, 13], "rotation": 180, "texture": "#texture"},
				"down": {"uv": [7.5, 10, 8.5, 13], "texture": "#texture"}
			}
		},
		{
			"from": [0, 6.5, 6.5],
			"to": [1, 9.5, 9.5],
			"rotation": {"angle": 0, "axis": "x", "origin": [8, 8, 8]},
			"faces": {
				"north": {"uv": [6.5, 15, 9.5, 16], "rotation": 270, "texture": "#texture"},
				"east": {"uv": [6.5, 6.5, 9.5, 9.5], "rotation": 90, "texture": "#texture"},
				"south": {"uv": [6.5, 15, 9.5, 16], "rotation": 90, "texture": "#texture"},
				"west": {"uv": [6.5, 6.5, 9.5, 9.5], "rotation": 90, "texture": "#texture"},
				"up": {"uv": [6.5, 15, 9.5, 16], "rotation": 90, "texture": "#texture"},
				"down": {"uv": [6.5, 15, 9.5, 16], "rotation": 90, "texture": "#texture"}
			}
		},
		{
			"from": [1, 7, 7],
			"to": [3, 9, 9],
			"rotation": {"angle": 0, "axis": "x", "origin": [8, 8, 8]},
			"faces": {
				"north": {"uv": [6.5, 11, 8.5, 13], "rotation": 270, "texture": "#texture"},
				"east": {"uv": [7, 7, 9, 9], "rotation": 90, "texture": "#texture"},
				"south": {"uv": [7, 11, 9, 13], "rotation": 90, "texture": "#texture"},
				"west": {"uv": [7, 7, 9, 9], "rotation": 90, "texture": "#texture"},
				"up": {"uv": [7, 11, 9, 13], "rotation": 90, "texture": "#texture"},
				"down": {"uv": [7.5, 11, 9.5, 13], "rotation": 90, "texture": "#texture"}
			}
		},
		{
			"from": [-1, 7, 7],
			"to": [0, 9, 9],
			"rotation": {"angle": 0, "axis": "x", "origin": [8, 8, 8]},
			"faces": {
				"north": {"uv": [6.5, 11, 8.5, 12], "rotation": 270, "texture": "#texture"},
				"east": {"uv": [7, 7, 9, 9], "rotation": 90, "texture": "#texture"},
				"south": {"uv": [7, 11, 9, 12], "rotation": 90, "texture": "#texture"},
				"west": {"uv": [7, 7, 9, 9], "rotation": 90, "texture": "#texture"},
				"up": {"uv": [7, 11, 9, 12], "rotation": 90, "texture": "#texture"},
				"down": {"uv": [7.5, 11, 9.5, 12], "rotation": 90, "texture": "#texture"}
			}
		},
		{
			"from": [3, 7.5, 7.5],
			"to": [5, 8.5, 8.5],
			"rotation": {"angle": 0, "axis": "x", "origin": [8, 8, 8]},
			"faces": {
				"north": {"uv": [7.5, 10, 8.5, 13], "rotation": 270, "texture": "#texture"},
				"east": {"uv": [7.5, 7.5, 8.5, 8.5], "rotation": 90, "texture": "#texture"},
				"south": {"uv": [7.5, 10, 8.5, 13], "rotation": 90, "texture": "#texture"},
				"west": {"uv": [7.5, 7.5, 8.5, 8.5], "rotation": 90, "texture": "#texture"},
				"up": {"uv": [7.5, 10, 8.5, 13], "rotation": 90, "texture": "#texture"},
				"down": {"uv": [7.5, 10, 8.5, 13], "rotation": 90, "texture": "#texture"}
			}
		},
		{
			"from": [6.5, 6.5, 15],
			"to": [9.5, 9.5, 16],
			"rotation": {"angle": 0, "axis": "y", "origin": [8, 8, 8]},
			"faces": {
				"north": {"uv": [6.5, 6.5, 9.5, 9.5], "texture": "#texture"},
				"east": {"uv": [6.5, 15, 9.5, 16], "rotation": 90, "texture": "#texture"},
				"south": {"uv": [6.5, 6.5, 9.5, 9.5], "rotation": 180, "texture": "#texture"},
				"west": {"uv": [6.5, 15, 9.5, 16], "rotation": 270, "texture": "#texture"},
				"up": {"uv": [6.5, 15, 9.5, 16], "texture": "#texture"},
				"down": {"uv": [6.5, 15, 9.5, 16], "rotation": 180, "texture": "#texture"}
			}
		},
		{
			"from": [7, 7, 13],
			"to": [9, 9, 15],
			"rotation": {"angle": 0, "axis": "y", "origin": [8, 8, 8]},
			"faces": {
				"north": {"uv": [7, 7, 9, 9], "texture": "#texture"},
				"east": {"uv": [7, 11, 9, 13], "rotation": 90, "texture": "#texture"},
				"south": {"uv": [7, 7, 9, 9], "rotation": 180, "texture": "#texture"},
				"west": {"uv": [7.5, 11, 9.5, 13], "rotation": 270, "texture": "#texture"},
				"up": {"uv": [6.5, 11, 8.5, 13], "texture": "#texture"},
				"down": {"uv": [7, 11, 9, 13], "rotation": 180, "texture": "#texture"}
			}
		},
		{
			"from": [7, 7, 16],
			"to": [9, 9, 17],
			"rotation": {"angle": 0, "axis": "y", "origin": [8, 8, 8]},
			"faces": {
				"north": {"uv": [7, 7, 9, 9], "texture": "#texture"},
				"east": {"uv": [7, 11, 9, 12], "rotation": 90, "texture": "#texture"},
				"south": {"uv": [7, 7, 9, 9], "rotation": 180, "texture": "#texture"},
				"west": {"uv": [7.5, 11, 9.5, 12], "rotation": 270, "texture": "#texture"},
				"up": {"uv": [6.5, 11, 8.5, 12], "texture": "#texture"},
				"down": {"uv": [7, 11, 9, 12], "rotation": 180, "texture": "#texture"}
			}
		},
		{
			"from": [7.5, 7.5, 11],
			"to": [8.5, 8.5, 13],
			"rotation": {"angle": 0, "axis": "y", "origin": [8, 8, 8]},
			"faces": {
				"north": {"uv": [7.5, 7.5, 8.5, 8.5], "texture": "#texture"},
				"east": {"uv": [7.5, 10, 8.5, 13], "rotation": 90, "texture": "#texture"},
				"south": {"uv": [7.5, 7.5, 8.5, 8.5], "rotation": 180, "texture": "#texture"},
				"west": {"uv": [7.5, 10, 8.5, 13], "rotation": 270, "texture": "#texture"},
				"up": {"uv": [7.5, 10, 8.5, 13], "texture": "#texture"},
				"down": {"uv": [7.5, 10, 8.5, 13], "rotation": 180, "texture": "#texture"}
			}
		},
		{
			"from": [15, 6.5, 6.5],
			"to": [16, 9.5, 9.5],
			"rotation": {"angle": 0, "axis": "x", "origin": [8, 8, 8]},
			"faces": {
				"north": {"uv": [6.5, 15, 9.5, 16], "rotation": 90, "texture": "#texture"},
				"east": {"uv": [6.5, 6.5, 9.5, 9.5], "rotation": 90, "texture": "#texture"},
				"south": {"uv": [6.5, 15, 9.5, 16], "rotation": 270, "texture": "#texture"},
				"west": {"uv": [6.5, 6.5, 9.5, 9.5], "rotation": 90, "texture": "#texture"},
				"up": {"uv": [6.5, 15, 9.5, 16], "rotation": 270, "texture": "#texture"},
				"down": {"uv": [6.5, 15, 9.5, 16], "rotation": 270, "texture": "#texture"}
			}
		},
		{
			"from": [13, 7, 7],
			"to": [15, 9, 9],
			"rotation": {"angle": 0, "axis": "x", "origin": [8, 8, 8]},
			"faces": {
				"north": {"uv": [7, 11, 9, 13], "rotation": 90, "texture": "#texture"},
				"east": {"uv": [7, 7, 9, 9], "rotation": 90, "texture": "#texture"},
				"south": {"uv": [6.5, 11, 8.5, 13], "rotation": 270, "texture": "#texture"},
				"west": {"uv": [7, 7, 9, 9], "rotation": 90, "texture": "#texture"},
				"up": {"uv": [7, 11, 9, 13], "rotation": 270, "texture": "#texture"},
				"down": {"uv": [7.5, 11, 9.5, 13], "rotation": 270, "texture": "#texture"}
			}
		},
		{
			"from": [16, 7, 7],
			"to": [17, 9, 9],
			"rotation": {"angle": 0, "axis": "x", "origin": [8, 8, 8]},
			"faces": {
				"north": {"uv": [7, 11, 9, 12], "rotation": 90, "texture": "#texture"},
				"east": {"uv": [7, 7, 9, 9], "rotation": 90, "texture": "#texture"},
				"south": {"uv": [6.5, 11, 8.5, 12], "rotation": 270, "texture": "#texture"},
				"west": {"uv": [7, 7, 9, 9], "rotation": 90, "texture": "#texture"},
				"up": {"uv": [7, 11, 9, 12], "rotation": 270, "texture": "#texture"},
				"down": {"uv": [7.5, 11, 9.5, 12], "rotation": 270, "texture": "#texture"}
			}
		},
		{
			"from": [11, 7.5, 7.5],
			"to": [13, 8.5, 8.5],
			"rotation": {"angle": 0, "axis": "x", "origin": [8, 8, 8]},
			"faces": {
				"north": {"uv": [7.5, 10, 8.5, 13], "rotation": 90, "texture": "#texture"},
				"east": {"uv": [7.5, 7.5, 8.5, 8.5], "rotation": 90, "texture": "#texture"},
				"south": {"uv": [7.5, 10, 8.5, 13], "rotation": 270, "texture": "#texture"},
				"west": {"uv": [7.5, 7.5, 8.5, 8.5], "rotation": 90, "texture": "#texture"},
				"up": {"uv": [7.5, 10, 8.5, 13], "rotation": 270, "texture": "#texture"},
				"down": {"uv": [7.5, 10, 8.5, 13], "rotation": 270, "texture": "#texture"}
			}
		},
		{
			"from": [6.5, 0, 6.5],
			"to": [9.5, 1, 9.5],
			"rotation": {"angle": 0, "axis": "x", "origin": [8, 8, 8]},
			"faces": {
				"north": {"uv": [6.5, 15, 9.5, 16], "texture": "#texture"},
				"east": {"uv": [6.5, 15, 9.5, 16], "texture": "#texture"},
				"south": {"uv": [6.5, 15, 9.5, 16], "texture": "#texture"},
				"west": {"uv": [6.5, 15, 9.5, 16], "texture": "#texture"},
				"up": {"uv": [6.5, 6.5, 9.5, 9.5], "texture": "#texture"},
				"down": {"uv": [6.5, 6.5, 9.5, 9.5], "texture": "#texture"}
			}
		},
		{
			"from": [7, 1, 7],
			"to": [9, 3, 9],
			"rotation": {"angle": 0, "axis": "x", "origin": [8, 8, 8]},
			"faces": {
				"north": {"uv": [6.5, 11, 8.5, 13], "texture": "#texture"},
				"east": {"uv": [7.5, 11, 9.5, 13], "texture": "#texture"},
				"south": {"uv": [7, 11, 9, 13], "texture": "#texture"},
				"west": {"uv": [7, 11, 9, 13], "texture": "#texture"},
				"up": {"uv": [7, 7, 9, 9], "texture": "#texture"},
				"down": {"uv": [7, 7, 9, 9], "texture": "#texture"}
			}
		},
		{
			"from": [7, -1, 7],
			"to": [9, 0, 9],
			"rotation": {"angle": 0, "axis": "x", "origin": [8, 8, 8]},
			"faces": {
				"north": {"uv": [6.5, 11, 8.5, 12], "texture": "#texture"},
				"east": {"uv": [7.5, 11, 9.5, 12], "texture": "#texture"},
				"south": {"uv": [7, 11, 9, 12], "texture": "#texture"},
				"west": {"uv": [7, 11, 9, 12], "texture": "#texture"},
				"up": {"uv": [7, 7, 9, 9], "texture": "#texture"},
				"down": {"uv": [7, 7, 9, 9], "texture": "#texture"}
			}
		},
		{
			"from": [7.5, 3, 7.5],
			"to": [8.5, 5, 8.5],
			"rotation": {"angle": 0, "axis": "x", "origin": [8, 8, 8]},
			"faces": {
				"north": {"uv": [7.5, 10, 8.5, 13], "texture": "#texture"},
				"east": {"uv": [7.5, 10, 8.5, 13], "texture": "#texture"},
				"south": {"uv": [7.5, 10, 8.5, 13], "texture": "#texture"},
				"west": {"uv": [7.5, 10, 8.5, 13], "texture": "#texture"},
				"up": {"uv": [7.5, 7.5, 8.5, 8.5], "texture": "#texture"},
				"down": {"uv": [7.5, 7.5, 8.5, 8.5], "texture": "#texture"}
			}
		}
	],
	"groups": [
		0,
		{
			"name": "group",
			"origin": [0, 0, 0],
			"color": 0,
			"children": [1, 2, 3, 4]
		},
		{
			"name": "group",
			"origin": [0, 0, 0],
			"color": 0,
			"children": [5, 6, 7, 8]
		},
		{
			"name": "group",
			"origin": [0, 0, 0],
			"color": 0,
			"children": [9, 10, 11, 12]
		},
		{
			"name": "group",
			"origin": [0, 0, 0],
			"color": 0,
			"children": [13, 14, 15, 16]
		},
		{
			"name": "group",
			"origin": [0, 0, 0],
			"color": 0,
			"children": [17, 18, 19, 20]
		}
	]
}
