{
	"credit": "Made with Blockbench",
	"ambientocclusion": false,
	"textures": {
		"particle": "minecraft:block/chorus_plant",
		"texture": "minecraft:block/chorus_plant",
		"inside": "minecraft:block/chorus_flower"
	},
	"elements": [
		{
			"from": [7.5, 7.5, 7.5],
			"to": [8.5, 8.5, 8.5],
			"faces": {
				"north": {"uv": [6, 6, 10, 10], "texture": "#inside"},
				"east": {"uv": [6, 6, 10, 10], "texture": "#inside"},
				"south": {"uv": [6, 6, 10, 10], "texture": "#inside"},
				"west": {"uv": [6, 6, 10, 10], "texture": "#inside"},
				"up": {"uv": [6, 6, 10, 10], "texture": "#inside"},
				"down": {"uv": [6, 6, 10, 10], "texture": "#inside"}
			}
		},
		{
			"from": [7, 7, -1],
			"to": [9, 9, 3],
			"rotation": {"angle": 0, "axis": "x", "origin": [8, 8, 8]},
			"faces": {
				"north": {"uv": [7, 7, 9, 9], "rotation": 180, "texture": "#texture"},
				"east": {"uv": [1, 11, 3, 15], "rotation": 270, "texture": "#texture"},
				"south": {"uv": [7, 7, 9, 9], "texture": "#texture"},
				"west": {"uv": [13, 11, 15, 15], "rotation": 90, "texture": "#texture"},
				"up": {"uv": [5, 11, 7, 15], "rotation": 180, "texture": "#texture"},
				"down": {"uv": [9, 11, 11, 15], "texture": "#texture"}
			}
		},
		{
			"from": [7.5, 7.5, 3],
			"to": [8.5, 8.5, 7],
			"rotation": {"angle": 0, "axis": "x", "origin": [8, 8, 8]},
			"faces": {
				"north": {"uv": [7.5, 7.5, 8.5, 8.5], "rotation": 180, "texture": "#texture"},
				"east": {"uv": [13.5, 10, 14.5, 14], "rotation": 270, "texture": "#texture"},
				"south": {"uv": [7.5, 7.5, 8.5, 8.5], "texture": "#texture"},
				"west": {"uv": [9.5, 10, 10.5, 14], "rotation": 90, "texture": "#texture"},
				"up": {"uv": [1.5, 10, 2.5, 14], "rotation": 180, "texture": "#texture"},
				"down": {"uv": [5.5, 10, 6.5, 14], "texture": "#texture"}
			}
		},
		{
			"from": [-1, 7, 7],
			"to": [3, 9, 9],
			"rotation": {"angle": 0, "axis": "x", "origin": [8, 8, 8]},
			"faces": {
				"north": {"uv": [5, 10.5, 7, 14.5], "rotation": 270, "texture": "#texture"},
				"east": {"uv": [7, 7, 9, 9], "rotation": 90, "texture": "#texture"},
				"south": {"uv": [9, 10.5, 11, 14.5], "rotation": 90, "texture": "#texture"},
				"west": {"uv": [7, 7, 9, 9], "rotation": 90, "texture": "#texture"},
				"up": {"uv": [1, 10.5, 3, 14.5], "rotation": 90, "texture": "#texture"},
				"down": {"uv": [13, 10.5, 15, 14.5], "rotation": 90, "texture": "#texture"}
			}
		},
		{
			"from": [3, 7.5, 7.5],
			"to": [7, 8.5, 8.5],
			"rotation": {"angle": 0, "axis": "x", "origin": [8, 8, 8]},
			"faces": {
				"north": {"uv": [13.5, 10, 14.5, 14], "rotation": 270, "texture": "#texture"},
				"east": {"uv": [7.5, 7.5, 8.5, 8.5], "rotation": 90, "texture": "#texture"},
				"south": {"uv": [9.5, 10, 10.5, 14], "rotation": 90, "texture": "#texture"},
				"west": {"uv": [7.5, 7.5, 8.5, 8.5], "rotation": 90, "texture": "#texture"},
				"up": {"uv": [1.5, 10, 2.5, 14], "rotation": 90, "texture": "#texture"},
				"down": {"uv": [5.5, 10, 6.5, 14], "rotation": 90, "texture": "#texture"}
			}
		},
		{
			"from": [7, 7, 13],
			"to": [9, 9, 17],
			"rotation": {"angle": 0, "axis": "y", "origin": [8, 8, 8]},
			"faces": {
				"north": {"uv": [7, 7, 9, 9], "texture": "#texture"},
				"east": {"uv": [9, 11, 11, 15], "rotation": 90, "texture": "#texture"},
				"south": {"uv": [7, 7, 9, 9], "rotation": 180, "texture": "#texture"},
				"west": {"uv": [13, 11, 15, 15], "rotation": 270, "texture": "#texture"},
				"up": {"uv": [5, 11, 7, 15], "texture": "#texture"},
				"down": {"uv": [1, 11, 3, 15], "rotation": 180, "texture": "#texture"}
			}
		},
		{
			"from": [7.5, 7.5, 9],
			"to": [8.5, 8.5, 13],
			"rotation": {"angle": 0, "axis": "y", "origin": [8, 8, 8]},
			"faces": {
				"north": {"uv": [7.5, 7.5, 8.5, 8.5], "texture": "#texture"},
				"east": {"uv": [13.5, 10, 14.5, 14], "rotation": 90, "texture": "#texture"},
				"south": {"uv": [7.5, 7.5, 8.5, 8.5], "rotation": 180, "texture": "#texture"},
				"west": {"uv": [9.5, 10, 10.5, 14], "rotation": 270, "texture": "#texture"},
				"up": {"uv": [1.5, 10, 2.5, 14], "texture": "#texture"},
				"down": {"uv": [5.5, 10, 6.5, 14], "rotation": 180, "texture": "#texture"}
			}
		},
		{
			"from": [13, 7, 7],
			"to": [17, 9, 9],
			"rotation": {"angle": 0, "axis": "x", "origin": [8, 8, 8]},
			"faces": {
				"north": {"uv": [1, 11, 3, 15], "rotation": 90, "texture": "#texture"},
				"east": {"uv": [7, 7, 9, 9], "rotation": 90, "texture": "#texture"},
				"south": {"uv": [5, 11, 7, 15], "rotation": 270, "texture": "#texture"},
				"west": {"uv": [7, 7, 9, 9], "rotation": 90, "texture": "#texture"},
				"up": {"uv": [9, 11, 11, 15], "rotation": 270, "texture": "#texture"},
				"down": {"uv": [13, 11, 15, 15], "rotation": 270, "texture": "#texture"}
			}
		},
		{
			"from": [9, 7.5, 7.5],
			"to": [13, 8.5, 8.5],
			"rotation": {"angle": 0, "axis": "x", "origin": [8, 8, 8]},
			"faces": {
				"north": {"uv": [13.5, 10, 14.5, 14], "rotation": 90, "texture": "#texture"},
				"east": {"uv": [7.5, 7.5, 8.5, 8.5], "rotation": 90, "texture": "#texture"},
				"south": {"uv": [9.5, 10, 10.5, 14], "rotation": 270, "texture": "#texture"},
				"west": {"uv": [7.5, 7.5, 8.5, 8.5], "rotation": 90, "texture": "#texture"},
				"up": {"uv": [1.5, 10, 2.5, 14], "rotation": 270, "texture": "#texture"},
				"down": {"uv": [5.5, 10, 6.5, 14], "rotation": 270, "texture": "#texture"}
			}
		},
		{
			"from": [7, -1, 7],
			"to": [9, 3, 9],
			"rotation": {"angle": 0, "axis": "x", "origin": [8, 8, 8]},
			"faces": {
				"north": {"uv": [1, 11, 3, 15], "texture": "#texture"},
				"east": {"uv": [13, 11, 15, 15], "texture": "#texture"},
				"south": {"uv": [9, 11, 11, 15], "texture": "#texture"},
				"west": {"uv": [5, 11, 7, 15], "texture": "#texture"},
				"up": {"uv": [7, 7, 9, 9], "texture": "#texture"},
				"down": {"uv": [7, 7, 9, 9], "texture": "#texture"}
			}
		},
		{
			"from": [7.5, 3, 7.5],
			"to": [8.5, 7, 8.5],
			"rotation": {"angle": 0, "axis": "x", "origin": [8, 8, 8]},
			"faces": {
				"north": {"uv": [13.5, 10, 14.5, 14], "texture": "#texture"},
				"east": {"uv": [9.5, 10, 10.5, 14], "texture": "#texture"},
				"south": {"uv": [5.5, 10, 6.5, 14], "texture": "#texture"},
				"west": {"uv": [1.5, 10, 2.5, 14], "texture": "#texture"},
				"up": {"uv": [7.5, 7.5, 8.5, 8.5], "texture": "#texture"},
				"down": {"uv": [7.5, 7.5, 8.5, 8.5], "texture": "#texture"}
			}
		}
	],
	"groups": [
		0,
		{
			"name": "group",
			"origin": [0, 0, 0],
			"color": 0,
			"children": [1, 2]
		},
		{
			"name": "group",
			"origin": [0, 0, 0],
			"color": 0,
			"children": [3, 4]
		},
		{
			"name": "group",
			"origin": [0, 0, 0],
			"color": 0,
			"children": [5, 6]
		},
		{
			"name": "group",
			"origin": [0, 0, 0],
			"color": 0,
			"children": [7, 8]
		},
		{
			"name": "group",
			"origin": [0, 0, 0],
			"color": 0,
			"children": [9, 10]
		}
	]
}
