{
    "__createdwith": "opl's Model Creator",
    "ambientocclusion": false,
    "textures": {
        "acacia_door_bottom": "blocks/acacia_door_bottom",
        "particle": "blocks/acacia_door_bottom"
    },
    "elements": [
        {
            "from": [0,1,0],
            "to": [1.5,4,16],
            "faces": {
                "up": {
                    "uv": [14.5,0.0,16.0,16.0],
                    "texture": "#acacia_door_bottom",
                    "rotation": 180
                },
                "down": {
                    "uv": [14.5,0.0,16.0,16.0],
                    "texture": "#acacia_door_bottom",
                    "rotation": 180
                },
                "west": {
                    "uv": [16.0,0.0,13.0,16.0],
                    "texture": "#acacia_door_bottom",
                    "rotation": 90
                },
                "east": {
                    "uv": [13.0,0.0,16.0,16.0],
                    "texture": "#acacia_door_bottom",
                    "rotation": 90
                },
                "north": {
                    "texture": "#acacia_door_bottom",
                    "rotation": 180
                },
                "south": {
                    "texture": "#acacia_door_bottom",
                    "rotation": 180
                }
            }
        },
        {
            "from": [0,15,0],
            "to": [1.5,16,16],
            "faces": {
                "up": {
                    "uv": [0.0,12.0,16.0,12.5],
                    "texture": "#acacia_door_bottom",
                    "rotation": 270
                },
                "down": {
                    "uv": [14.5,0.0,16.0,16.0],
                    "texture": "#acacia_door_bottom",
                    "rotation": 180
                },
                "west": {
                    "uv": [16.0,0.0,15.0,16.0],
                    "texture": "#acacia_door_bottom",
                    "rotation": 270
                },
                "east": {
                    "uv": [15.0,0.0,16.0,16.0],
                    "texture": "#acacia_door_bottom",
                    "rotation": 90
                },
                "north": {
                    "uv": [0.0,12.0,1.5,15.0],
                    "texture": "#acacia_door_bottom",
                    "rotation": 180
                },
                "south": {
                    "uv": [0.0,12.0,1.5,15.0],
                    "texture": "#acacia_door_bottom",
                    "rotation": 180
                }
            }
        },
        {
            "from": [1.5,0,9.5],
            "to": [2.5,2.5,12.5],
            "faces": {
                "up": {
                    "uv": [0.0,12.0,3.5,12.5],
                    "texture": "#acacia_door_bottom",
                    "rotation": 270
                },
                "down": {
                    "uv": [0.0,14.5,3.0,15.5],
                    "texture": "#acacia_door_bottom",
                    "rotation": 270
                },
                "west": {
                    "uv": [6.5,13.5,3.5,16.0],
                    "texture": "#acacia_door_bottom"
                },
                "east": {
                    "texture": "#acacia_door_bottom"
                },
                "north": {
                    "uv": [0.5,12.0,1.0,15.0],
                    "texture": "#acacia_door_bottom",
                    "rotation": 180
                },
                "south": {
                    "uv": [0.5,12.0,1.0,15.0],
                    "texture": "#acacia_door_bottom",
                    "rotation": 180
                }
            }
        },
        {
            "from": [1.5,2.5,9],
            "to": [3,9,12],
            "faces": {
                "up": {
                    "uv": [0.0,12.0,3.5,12.5],
                    "texture": "#acacia_door_bottom",
                    "rotation": 270
                },
                "down": {
                    "uv": [0.0,14.5,3.5,15.0],
                    "texture": "#acacia_door_bottom",
                    "rotation": 270
                },
                "west": {
                    "uv": [7.0,7.0,4.0,13.5],
                    "texture": "#acacia_door_bottom"
                },
                "east": {
                    "uv": [4.0,7.0,7.0,13.5],
                    "texture": "#acacia_door_bottom"
                },
                "north": {
                    "uv": [0.5,12.0,1.0,15.0],
                    "texture": "#acacia_door_bottom",
                    "rotation": 180
                },
                "south": {
                    "uv": [0.5,12.0,1.0,15.0],
                    "texture": "#acacia_door_bottom",
                    "rotation": 180
                }
            }
        },
        {
            "from": [1.5,9,9],
            "to": [3,12.5,11.5],
            "faces": {
                "up": {
                    "uv": [0.0,12.0,3.5,12.5],
                    "texture": "#acacia_door_bottom",
                    "rotation": 270
                },
                "down": {
                    "uv": [0.0,14.5,3.5,15.0],
                    "texture": "#acacia_door_bottom",
                    "rotation": 270
                },
                "west": {
                    "uv": [7.0,3.5,4.5,7.0],
                    "texture": "#acacia_door_bottom"
                },
                "east": {
                    "uv": [4.5,3.5,7.0,7.0],
                    "texture": "#acacia_door_bottom"
                },
                "north": {
                    "uv": [0.5,12.0,1.0,15.0],
                    "texture": "#acacia_door_bottom",
                    "rotation": 180
                },
                "south": {
                    "uv": [0.5,12.0,1.0,15.0],
                    "texture": "#acacia_door_bottom",
                    "rotation": 180
                }
            }
        },
        {
            "from": [1.5,0.5,12.5],
            "to": [3,16,16],
            "faces": {
                "up": {
                    "uv": [0.0,12.0,3.5,12.5],
                    "texture": "#acacia_door_bottom",
                    "rotation": 270
                },
                "down": {
                    "uv": [0.0,14.5,3.5,15.0],
                    "texture": "#acacia_door_bottom",
                    "rotation": 270
                },
                "west": {
                    "uv": [3.5,0.0,0.0,15.5],
                    "texture": "#acacia_door_bottom"
                },
                "east": {
                    "uv": [0.0,0.0,3.5,15.5],
                    "texture": "#acacia_door_bottom"
                },
                "north": {
                    "uv": [0.5,12.0,1.0,15.0],
                    "texture": "#acacia_door_bottom",
                    "rotation": 180
                },
                "south": {
                    "uv": [0.0,0.0,1.5,16.0],
                    "texture": "#acacia_door_bottom",
                    "rotation": 180
                }
            }
        },
        {
            "from": [1.5,0,13],
            "to": [3,0.5,16],
            "faces": {
                "up": {
                    "uv": [0.0,12.0,3.5,12.5],
                    "texture": "#acacia_door_bottom",
                    "rotation": 270
                },
                "down": {
                    "uv": [0.0,12.25,3.5,13.5],
                    "texture": "#acacia_door_bottom",
                    "rotation": 90
                },
                "west": {
                    "uv": [3.0,15.5,0.0,16.0],
                    "texture": "#acacia_door_bottom"
                },
                "east": {
                    "texture": "#acacia_door_bottom"
                },
                "north": {
                    "uv": [0.5,12.0,1.0,15.0],
                    "texture": "#acacia_door_bottom",
                    "rotation": 180
                },
                "south": {
                    "uv": [0.0,15.5,1.0,16.0],
                    "texture": "#acacia_door_bottom",
                    "rotation": 180
                }
            }
        },
        {
            "from": [1.5,0,3.5],
            "to": [2.5,10,6],
            "faces": {
                "up": {
                    "uv": [0.0,12.0,3.5,12.5],
                    "texture": "#acacia_door_bottom",
                    "rotation": 270
                },
                "down": {
                    "uv": [4.0,14.25,6.5,15.5],
                    "texture": "#acacia_door_bottom",
                    "rotation": 270
                },
                "west": {
                    "uv": [12.5,6.0,10.0,16.0],
                    "texture": "#acacia_door_bottom"
                },
                "east": {
                    "uv": [10.0,6.0,12.5,16.0],
                    "texture": "#acacia_door_bottom"
                },
                "north": {
                    "uv": [0.5,12.0,1.0,15.0],
                    "texture": "#acacia_door_bottom",
                    "rotation": 180
                },
                "south": {
                    "uv": [0.5,12.0,1.0,15.0],
                    "texture": "#acacia_door_bottom",
                    "rotation": 180
                }
            }
        },
        {
            "from": [1.5,10,3.5],
            "to": [2.5,14,6.5],
            "faces": {
                "up": {
                    "uv": [0.0,12.0,3.5,12.5],
                    "texture": "#acacia_door_bottom",
                    "rotation": 270
                },
                "down": {
                    "uv": [0.0,14.5,3.5,15.0],
                    "texture": "#acacia_door_bottom",
                    "rotation": 270
                },
                "west": {
                    "uv": [12.5,2.0,9.5,6.0],
                    "texture": "#acacia_door_bottom"
                },
                "east": {
                    "uv": [9.5,2.0,12.5,6.0],
                    "texture": "#acacia_door_bottom"
                },
                "north": {
                    "uv": [0.5,12.0,1.0,15.0],
                    "texture": "#acacia_door_bottom",
                    "rotation": 180
                },
                "south": {
                    "uv": [0.5,12.0,1.0,15.0],
                    "texture": "#acacia_door_bottom",
                    "rotation": 180
                }
            }
        },
        {
            "from": [1.5,14,4],
            "to": [3,16,6.5],
            "faces": {
                "up": {
                    "uv": [0.0,12.0,3.5,12.5],
                    "texture": "#acacia_door_bottom",
                    "rotation": 270
                },
                "down": {
                    "uv": [7.0,12.0,10.0,12.5],
                    "texture": "#acacia_door_bottom",
                    "rotation": 270
                },
                "west": {
                    "uv": [12.0,0.0,9.5,2.0],
                    "texture": "#acacia_door_bottom"
                },
                "east": {
                    "uv": [9.5,0.0,12.0,2.0],
                    "texture": "#acacia_door_bottom"
                },
                "north": {
                    "uv": [0.5,12.0,1.0,15.0],
                    "texture": "#acacia_door_bottom",
                    "rotation": 180
                },
                "south": {
                    "uv": [0.5,12.0,1.0,15.0],
                    "texture": "#acacia_door_bottom",
                    "rotation": 180
                }
            }
        },
        {
            "from": [1.5,12.5,8.5],
            "to": [2.5,16,11.5],
            "faces": {
                "up": {
                    "uv": [0.0,12.0,3.5,12.5],
                    "texture": "#acacia_door_bottom",
                    "rotation": 270
                },
                "down": {
                    "uv": [0.0,14.5,3.5,15.0],
                    "texture": "#acacia_door_bottom",
                    "rotation": 270
                },
                "west": {
                    "uv": [7.5,0.0,4.5,3.5],
                    "texture": "#acacia_door_bottom"
                },
                "east": {
                    "uv": [4.5,0.0,7.5,3.5],
                    "texture": "#acacia_door_bottom"
                },
                "north": {
                    "uv": [0.5,12.0,1.0,15.0],
                    "texture": "#acacia_door_bottom",
                    "rotation": 180
                },
                "south": {
                    "uv": [0.5,12.0,1.0,15.0],
                    "texture": "#acacia_door_bottom",
                    "rotation": 180
                }
            }
        },
        {
            "from": [1.5,0,0],
            "to": [2.5,0.5,3],
            "faces": {
                "up": {
                    "uv": [0.0,12.0,3.5,12.5],
                    "texture": "#acacia_door_bottom",
                    "rotation": 270
                },
                "down": {
                    "uv": [0.0,14.5,3.5,15.5],
                    "texture": "#acacia_door_bottom",
                    "rotation": 270
                },
                "west": {
                    "uv": [16.0,15.5,13.0,16.0],
                    "texture": "#acacia_door_bottom"
                },
                "east": {
                    "texture": "#acacia_door_bottom"
                },
                "north": {
                    "uv": [0.0,15.5,1.0,15.5],
                    "texture": "#acacia_door_bottom",
                    "rotation": 180
                },
                "south": {
                    "uv": [0.5,12.0,1.0,15.0],
                    "texture": "#acacia_door_bottom",
                    "rotation": 180
                }
            }
        },
        {
            "from": [1.5,0.5,0],
            "to": [2.5,16,3.5],
            "faces": {
                "up": {
                    "uv": [0.0,12.0,3.5,12.5],
                    "texture": "#acacia_door_bottom",
                    "rotation": 270
                },
                "down": {
                    "uv": [0.0,14.5,3.5,15.0],
                    "texture": "#acacia_door_bottom",
                    "rotation": 270
                },
                "west": {
                    "uv": [16.0,0.0,12.5,15.5],
                    "texture": "#acacia_door_bottom"
                },
                "east": {
                    "uv": [12.5,0.0,16.0,15.5],
                    "texture": "#acacia_door_bottom"
                },
                "north": {
                    "uv": [0.0,0.0,1.0,15.5],
                    "texture": "#acacia_door_bottom",
                    "rotation": 180
                },
                "south": {
                    "uv": [0.5,12.0,1.0,15.0],
                    "texture": "#acacia_door_bottom",
                    "rotation": 180
                }
            }
        }
    ]
}
