{
	"__comment": "Designed by Chengzzi89 with Cubik Studio - https://cubik.studio",
	"ambientocclusion": false,
	"textures": {
		"acacia_door_bottom": "block/acacia_door_bottom",
		"acacia_door_top": "block/acacia_door_top",
		"particle": "block/acacia_door_top"
	},
	"elements": [ 	 
		{
			"from": [ 0, 10.5, 9 ],
			"to": [ 1.5, 14.5, 11.5 ],
			"faces": {
				"down": { "uv": [ 0, 14.5, 3.5, 15 ], "texture": "#acacia_door_top", "rotation": 270 },
				"up": { "uv": [ 0, 12, 3.5, 12.5 ], "texture": "#acacia_door_top", "rotation": 270 },
				"north": { "uv": [ 0.5, 12, 1, 15 ], "texture": "#acacia_door_top", "rotation": 180 },
				"south": { "uv": [ 0.5, 12, 1, 15 ], "texture": "#acacia_door_top", "rotation": 180 },
				"west": { "uv": [ 11.5, 1.5, 9, 5.5 ], "texture": "#acacia_door_top" },
				"east": { "uv": [ 5.5, 4.5, 8, 8.5 ], "texture": "#acacia_door_top" }
			}
		},
		{
			"from": [ 0, 0.5, 9 ],
			"to": [ 1.5, 10.5, 12 ],
			"faces": {
				"down": { "uv": [ 0, 14.5, 3.5, 15 ], "texture": "#acacia_door_top", "rotation": 270 },
				"up": { "uv": [ 0, 12, 3.5, 12.5 ], "texture": "#acacia_door_top", "rotation": 270 },
				"north": { "uv": [ 0.5, 12, 1, 15 ], "texture": "#acacia_door_top", "rotation": 180 },
				"south": { "uv": [ 0.5, 12, 1, 15 ], "texture": "#acacia_door_top", "rotation": 180 },
				"west": { "uv": [ 12, 5.5, 9, 15.5 ], "texture": "#acacia_door_top" },
				"east": { "uv": [ 9, 5.5, 12, 15.5 ], "texture": "#acacia_door_top" }
			}
		},
		{
			"from": [ 0.5, 15.43, 13.5 ],
			"to": [ 1, 16, 16 ],
			"faces": {
				"down": { "uv": [ 0, 14.5, 3.5, 15 ], "texture": "#acacia_door_top", "rotation": 270 },
				"up": { "uv": [ 0, 12, 3.5, 12.5 ], "texture": "#acacia_door_top", "rotation": 270 },
				"north": { "uv": [ 0.5, 12, 1, 15 ], "texture": "#acacia_door_top", "rotation": 180 },
				"south": { "uv": [ 0.5, 12, 1, 15 ], "texture": "#acacia_door_top", "rotation": 180 },
				"west": { "uv": [ 16, 0, 13.5, 0.5 ], "texture": "#acacia_door_top" },
				"east": { "uv": [ 13.5, 0, 16, 0.5 ], "texture": "#acacia_door_top" }
			}
		},
		{
			"from": [ 0.5, 0, 12.5 ],
			"to": [ 1.5, 15, 16 ],
			"faces": {
				"down": { "uv": [ 0, 14.5, 3.5, 15 ], "texture": "#acacia_door_top", "rotation": 270 },
				"up": { "uv": [ 0, 12, 3.5, 12.5 ], "texture": "#acacia_door_top", "rotation": 270 },
				"north": { "uv": [ 0.5, 12, 1, 15 ], "texture": "#acacia_door_top", "rotation": 180 },
				"south": { "uv": [ 0.5, 12, 1, 15 ], "texture": "#acacia_door_top", "rotation": 180 },
				"west": { "uv": [ 16, 1, 12.5, 16 ], "texture": "#acacia_door_top" },
				"east": { "uv": [ 0, 1, 3.5, 16 ], "texture": "#acacia_door_top" }
			}
		},
		{
			"from": [ 0.5, 15.5, 5.5 ],
			"to": [ 1, 16, 7.5 ],
			"faces": {
				"down": { "uv": [ 0, 14.5, 3.5, 15 ], "texture": "#acacia_door_top", "rotation": 270 },
				"up": { "uv": [ 0, 12, 3.5, 12.5 ], "texture": "#acacia_door_top", "rotation": 270 },
				"north": { "uv": [ 0.5, 12, 1, 15 ], "texture": "#acacia_door_top", "rotation": 180 },
				"south": { "uv": [ 0.5, 12, 1, 15 ], "texture": "#acacia_door_top", "rotation": 180 },
				"west": { "uv": [ 7.5, 0, 5.5, 0.5 ], "texture": "#acacia_door_top" },
				"east": { "uv": [ 8.5, 0, 10.5, 0.5 ], "texture": "#acacia_door_top" }
			}
		},
		{
			"from": [ 0.5, 7.5, 5 ],
			"to": [ 1.5, 15.5, 8 ],
			"faces": {
				"down": { "uv": [ 0, 14.5, 3.5, 15 ], "texture": "#acacia_door_top", "rotation": 270 },
				"up": { "uv": [ 0, 12, 3.5, 12.5 ], "texture": "#acacia_door_top", "rotation": 270 },
				"north": { "uv": [ 0.5, 12, 1, 15 ], "texture": "#acacia_door_top", "rotation": 180 },
				"south": { "uv": [ 0.5, 12, 1, 15 ], "texture": "#acacia_door_top", "rotation": 180 },
				"west": { "uv": [ 8, 0.5, 5, 8.5 ], "texture": "#acacia_door_top" },
				"east": { "uv": [ 5, 0.5, 8, 8.5 ], "texture": "#acacia_door_top" }
			}
		},
		{
			"from": [ 0.5, 0.5, 5 ],
			"to": [ 1.5, 7.5, 7.5 ],
			"faces": {
				"down": { "uv": [ 0, 14.5, 3.5, 15 ], "texture": "#acacia_door_top", "rotation": 270 },
				"up": { "uv": [ 0, 12, 3.5, 12.5 ], "texture": "#acacia_door_top", "rotation": 270 },
				"north": { "uv": [ 0.5, 12, 1, 15 ], "texture": "#acacia_door_top", "rotation": 180 },
				"south": { "uv": [ 0.5, 12, 1, 15 ], "texture": "#acacia_door_top", "rotation": 180 },
				"west": { "uv": [ 7.5, 8.5, 5, 15.5 ], "texture": "#acacia_door_top" },
				"east": { "uv": [ 9.5, 8, 12, 15 ], "texture": "#acacia_door_top" }
			}
		},
		{
			"from": [ 0.5, 0, 5 ],
			"to": [ 1.5, 0.5, 7.5 ],
			"faces": {
				"down": { "uv": [ 0, 14.5, 3.5, 15 ], "texture": "#acacia_door_top", "rotation": 270 },
				"up": { "uv": [ 0, 12, 3.5, 12.5 ], "texture": "#acacia_door_top", "rotation": 270 },
				"north": { "uv": [ 0.5, 12, 1, 15 ], "texture": "#acacia_door_top", "rotation": 180 },
				"south": { "uv": [ 0.5, 12, 1, 15 ], "texture": "#acacia_door_top", "rotation": 180 },
				"west": { "uv": [ 7.5, 15.5, 5, 16 ], "texture": "#acacia_door_top" },
				"east": { "uv": [ 3.5, 13.5, 6.5, 16 ], "texture": "#acacia_door_top" }
			}
		},
		{
			"from": [ 0, 15.5, 0 ],
			"to": [ 1, 16, 2.5 ],
			"faces": {
				"down": { "uv": [ 0, 14.5, 3.5, 15 ], "texture": "#acacia_door_top", "rotation": 270 },
				"up": { "uv": [ 0, 12, 3.5, 13.25 ], "texture": "#acacia_door_top", "rotation": 270 },
				"north": { "uv": [ 0.5, 12, 1, 15 ], "texture": "#acacia_door_top", "rotation": 180 },
				"south": { "uv": [ 0.5, 12, 1, 15 ], "texture": "#acacia_door_top", "rotation": 180 },
				"west": { "uv": [ 2.5, 0, 0, 0.5 ], "texture": "#acacia_door_top" },
				"east": { "uv": [ 13.5, 0, 16, 0.5 ], "texture": "#acacia_door_top" }
			}
		},
		{
			"from": [ 0.5, 0, 0 ],
			"to": [ 1.5, 14.5, 3.5 ],
			"faces": {
				"down": { "uv": [ 0, 14.5, 3.5, 15 ], "texture": "#acacia_door_top", "rotation": 270 },
				"up": { "uv": [ 0, 12, 3.5, 12.5 ], "texture": "#acacia_door_top", "rotation": 270 },
				"north": { "uv": [ 0.5, 12, 1, 15 ], "texture": "#acacia_door_top", "rotation": 180 },
				"south": { "uv": [ 0.5, 12, 1, 15 ], "texture": "#acacia_door_top", "rotation": 180 },
				"west": { "uv": [ 3.5, 1.5, 0, 16 ], "texture": "#acacia_door_top" },
				"east": { "uv": [ 12.5, 1.5, 16, 16 ], "texture": "#acacia_door_top" }
			}
		},
		{
			"from": [ 1.5, 0, 0 ],
			"to": [ 3, 2, 16 ],
			"faces": {
				"down": { "uv": [ 0, 15.5, 16, 16 ], "texture": "#acacia_door_top", "rotation": 270 },
				"up": { "uv": [ 0, 0, 1.5, 16 ], "texture": "#acacia_door_top", "rotation": 180 },
				"north": { "uv": [ 0, 12, 1.5, 15.5 ], "texture": "#acacia_door_top", "rotation": 180 },
				"south": { "uv": [ 0.5, 12, 2, 15 ], "texture": "#acacia_door_top", "rotation": 180 },
				"west": { "uv": [ 0, 14, 16, 16 ], "texture": "#acacia_door_top" },
				"east": { "uv": [ 13.5, 0, 15.5, 16 ], "texture": "#acacia_door_top", "rotation": 270 }
			}
		},
		{
			"from": [ 1.5, 12, 0 ],
			"to": [ 3, 15, 16 ],
			"faces": {
				"down": { "uv": [ 0, 0, 1.5, 16 ], "texture": "#acacia_door_top", "rotation": 180 },
				"up": { "uv": [ 14.5, 0, 16, 16 ], "texture": "#acacia_door_top", "rotation": 180 },
				"north": { "uv": [ 0.5, 12, 2, 15 ], "texture": "#acacia_door_top", "rotation": 180 },
				"south": { "uv": [ 0, 12.5, 1.5, 15 ], "texture": "#acacia_door_top", "rotation": 180 },
				"west": { "uv": [ 0, 1, 16, 4 ], "texture": "#acacia_door_top" },
				"east": { "uv": [ 0, 0, 3, 16 ], "texture": "#acacia_door_bottom", "rotation": 90 }
			}
		},
		{
			"from": [ 0, 14.5, 0 ],
			"to": [ 1.5, 15.5, 3 ],
			"faces": {
				"down": { "uv": [ 0, 14.5, 3.5, 15 ], "texture": "#acacia_door_top", "rotation": 270 },
				"up": { "uv": [ 0, 12, 3.5, 12.5 ], "texture": "#acacia_door_top", "rotation": 270 },
				"north": { "uv": [ 0.5, 12, 1, 15 ], "texture": "#acacia_door_top", "rotation": 180 },
				"south": { "uv": [ 0.5, 12, 1, 15 ], "texture": "#acacia_door_top", "rotation": 180 },
				"west": { "uv": [ 3, 0.5, 0, 1.5 ], "texture": "#acacia_door_top" },
				"east": { "uv": [ 13, 0.5, 16, 1.5 ], "texture": "#acacia_door_top" }
			}
		},
		{
			"from": [ 0.49, 14.96, 13 ],
			"to": [ 0.99, 15.46, 16 ],
			"faces": {
				"down": { "uv": [ 0, 14.5, 3.5, 15 ], "texture": "#acacia_door_top", "rotation": 270 },
				"up": { "uv": [ 0, 12, 3.5, 12.5 ], "texture": "#acacia_door_top", "rotation": 270 },
				"north": { "uv": [ 0.5, 12, 1, 15 ], "texture": "#acacia_door_top", "rotation": 180 },
				"south": { "uv": [ 0.5, 12, 1, 15 ], "texture": "#acacia_door_top", "rotation": 180 },
				"west": { "uv": [ 16, 0.5, 13, 1 ], "texture": "#acacia_door_top" },
				"east": { "uv": [ 13, 0.5, 16, 1 ], "texture": "#acacia_door_top" }
			}
		},
		{
			"from": [ 0, 0, 9 ],
			"to": [ 1.5, 0.5, 12 ],
			"faces": {
				"down": { "uv": [ 0, 14.5, 3.5, 15 ], "texture": "#acacia_door_top", "rotation": 270 },
				"up": { "uv": [ 0, 12, 3.5, 12.5 ], "texture": "#acacia_door_top", "rotation": 270 },
				"north": { "uv": [ 0.5, 12, 1, 15 ], "texture": "#acacia_door_top", "rotation": 180 },
				"south": { "uv": [ 0.5, 12, 1, 15 ], "texture": "#acacia_door_top", "rotation": 180 },
				"west": { "uv": [ 12, 15.5, 9, 16 ], "texture": "#acacia_door_top" },
				"east": { "uv": [ 3.5, 13.5, 6.5, 16 ], "texture": "#acacia_door_top" }
			}
		},
		{
			"from": [ 0.5, 14.49, 9 ],
			"to": [ 1.5, 15.53, 11.5 ],
			"faces": {
				"down": { "uv": [ 0, 14.5, 3.5, 15 ], "texture": "#acacia_door_top", "rotation": 270 },
				"up": { "uv": [ 0, 12, 3.5, 12.5 ], "texture": "#acacia_door_top", "rotation": 270 },
				"north": { "uv": [ 0.5, 12, 1, 15 ], "texture": "#acacia_door_top", "rotation": 180 },
				"south": { "uv": [ 0.5, 12, 1, 15 ], "texture": "#acacia_door_top", "rotation": 180 },
				"west": { "uv": [ 11, 0.5, 8.5, 1.5 ], "texture": "#acacia_door_top" },
				"east": { "uv": [ 8.5, 0.5, 11, 1.5 ], "texture": "#acacia_door_top" }
			}
		},
		{
			"from": [ 0.5, 15.5, 9 ],
			"to": [ 1.5, 16, 11 ],
			"faces": {
				"down": { "uv": [ 0, 14.5, 3.5, 15 ], "texture": "#acacia_door_top", "rotation": 270 },
				"up": { "uv": [ 0, 12, 3.5, 12.5 ], "texture": "#acacia_door_top", "rotation": 270 },
				"north": { "uv": [ 0.5, 12, 1, 15 ], "texture": "#acacia_door_top", "rotation": 180 },
				"south": { "uv": [ 0.5, 12, 1, 15 ], "texture": "#acacia_door_top", "rotation": 180 },
				"west": { "uv": [ 10.5, 0, 8.5, 0.5 ], "texture": "#acacia_door_top" },
				"east": { "uv": [ 5, 0, 7, 0.5 ], "texture": "#acacia_door_top" }
			}
		}
	]
}