{
	"__comment": "Designed by Chengzzi89 with Cubik Studio - https://cubik.studio",
	"ambientocclusion": false,
	"textures": {
		"door_birch_upper": "block/birch_door_top",
		"particle": "block/birch_door_top"
	},
	"elements": [ 	 
		{
			"from": [ 1.5, 0, 2 ],
			"to": [ 1.501, 13.5, 14 ],
			"faces": {
				"down": { "uv": [ 0, 0, 16, 16 ], "texture": "#door_birch_upper", "rotation": 90 },
				"up": { "uv": [ 0, 1.5, 16, 2.5 ], "texture": "#door_birch_upper", "rotation": 270 },
				"north": { "uv": [ 0, 0, 16, 16 ], "texture": "#door_birch_upper" },
				"south": { "uv": [ 0, 0, 16, 16 ], "texture": "#door_birch_upper" },
				"west": { "uv": [ 2, 2.5, 14, 16 ], "texture": "#door_birch_upper" },
				"east": { "uv": [ 2, 2.5, 14, 16 ], "texture": "#door_birch_upper" }
			}
		},
		{
			"from": [ 0, 0, 0 ],
			"to": [ 1.5, 16, 2 ],
			"faces": {
				"down": { "uv": [ 14, 10, 15.5, 12 ], "texture": "#door_birch_upper", "rotation": 90 },
				"up": { "uv": [ 14, 0, 15.5, 2.5 ], "texture": "#door_birch_upper" },
				"north": { "uv": [ 14, 0, 15.5, 16 ], "texture": "#door_birch_upper" },
				"south": { "uv": [ 15.5, 0, 14, 16 ], "texture": "#door_birch_upper" },
				"west": { "uv": [ 0, 0, 2, 16 ], "texture": "#door_birch_upper" },
				"east": { "uv": [ 14, 0, 16, 16 ], "texture": "#door_birch_upper" }
			}
		},
		{
			"from": [ 0, 0, 14 ],
			"to": [ 1.5, 16, 16 ],
			"faces": {
				"down": { "uv": [ 14, 10.5, 15.5, 13 ], "texture": "#door_birch_upper", "rotation": 90 },
				"up": { "uv": [ 0, 5.5, 1.5, 8 ], "texture": "#door_birch_upper", "rotation": 180 },
				"north": { "uv": [ 0, 0, 1.5, 16 ], "texture": "#door_birch_upper" },
				"south": { "uv": [ 14, 0, 15.5, 16 ], "texture": "#door_birch_upper" },
				"west": { "uv": [ 14, 0, 16, 16 ], "texture": "#door_birch_upper" },
				"east": { "uv": [ 0, 0, 2, 16 ], "texture": "#door_birch_upper" }
			}
		},
		{
			"from": [ 0, 13.5, 2 ],
			"to": [ 1.5, 16, 14 ],
			"faces": {
				"down": { "uv": [ 2, 2, 14, 0.5 ], "texture": "#door_birch_upper", "rotation": 90 },
				"up": { "uv": [ 2, 0, 14, 1.5 ], "texture": "#door_birch_upper", "rotation": 270 },
				"north": { "uv": [ 14, 6, 15.5, 8.5 ], "texture": "#door_birch_upper" },
				"south": { "uv": [ 14, 9, 15.5, 11 ], "texture": "#door_birch_upper" },
				"west": { "uv": [ 2, 0, 14, 2.5 ], "texture": "#door_birch_upper" },
				"east": { "uv": [ 2, 0, 14, 2.5 ], "texture": "#door_birch_upper" }
			}
		},
		{
			"__comment": "Box5",
			"from": [ 1, 9, 2 ],
			"to": [ 2, 9.5, 6.5 ],
			"faces": {
				"down": { "uv": [ 9, 2.5, 9.5, 7 ], "texture": "#particle" },
				"up": { "uv": [ 9, 2.5, 9.5, 7 ], "texture": "#particle" },
				"north": { "uv": [ 9, 6.5, 10, 7 ], "texture": "#particle" },
				"south": { "uv": [ 4, 6.5, 5, 7 ], "texture": "#particle" },
				"west": { "uv": [ 2, 6.5, 6.5, 7 ], "texture": "#particle" },
				"east": { "uv": [ 9.5, 6.5, 14, 7 ], "texture": "#particle" }
			}
		},
		{
			"__comment": "Box6",
			"from": [ 1, 9, 9.5 ],
			"to": [ 2, 9.5, 14 ],
			"faces": {
				"down": { "uv": [ 9, 2.5, 9.5, 7 ], "texture": "#particle" },
				"up": { "uv": [ 4.5, 5, 5, 9.5 ], "texture": "#particle" },
				"north": { "uv": [ 12, 6.5, 13, 7 ], "texture": "#particle" },
				"south": { "uv": [ 4, 6.5, 5, 7 ], "texture": "#particle" },
				"west": { "uv": [ 9.5, 6.5, 14, 7 ], "texture": "#particle" },
				"east": { "uv": [ 2, 6.5, 6.5, 7 ], "texture": "#particle" }
			}
		},
		{
			"__comment": "Box7",
			"from": [ 1, 11, 4.5 ],
			"to": [ 2, 11.5, 11.5 ],
			"faces": {
				"down": { "uv": [ 4.5, 4.5, 5, 11.5 ], "texture": "#particle" },
				"up": { "uv": [ 4.5, 4.5, 5, 11.5 ], "texture": "#particle" },
				"north": { "uv": [ 9, 6.5, 10, 7 ], "texture": "#particle" },
				"south": { "uv": [ 4, 6.5, 5, 7 ], "texture": "#particle" },
				"west": { "uv": [ 4.5, 4.5, 11.5, 5 ], "texture": "#particle" },
				"east": { "uv": [ 4.5, 4.5, 11.5, 5 ], "texture": "#particle" }
			}
		},
		{
			"__comment": "Box8",
			"from": [ 1, 0, 4.5 ],
			"to": [ 2, 11, 5 ],
			"faces": {
				"down": { "uv": [ 4.5, 6.5, 5.5, 7 ], "texture": "#particle" },
				"up": { "uv": [ 5, 6.5, 6, 7 ], "texture": "#particle" },
				"north": { "uv": [ 11, 4.5, 11.5, 15.5 ], "texture": "#particle" },
				"south": { "uv": [ 11, 5, 11.5, 16 ], "texture": "#particle" },
				"west": { "uv": [ 4.5, 5, 5, 16 ], "texture": "#particle" },
				"east": { "uv": [ 11, 5, 11.5, 16 ], "texture": "#particle" }
			}
		},
		{
			"__comment": "Box9",
			"from": [ 1, 9, 6.5 ],
			"to": [ 2, 13.5, 7 ],
			"faces": {
				"down": { "uv": [ 4.5, 6.5, 5.5, 7 ], "texture": "#particle" },
				"up": { "uv": [ 2.5, 6.5, 3.5, 7 ], "texture": "#particle" },
				"north": { "uv": [ 9, 2.5, 9.5, 7 ], "texture": "#particle" },
				"south": { "uv": [ 9, 2.5, 9.5, 7 ], "texture": "#particle" },
				"west": { "uv": [ 6.5, 2.5, 7, 7 ], "texture": "#particle" },
				"east": { "uv": [ 9, 2.5, 9.5, 7 ], "texture": "#particle" }
			}
		},
		{
			"__comment": "Box10",
			"from": [ 1, 9, 9 ],
			"to": [ 2, 13.5, 9.5 ],
			"faces": {
				"down": { "uv": [ 3.5, 6.5, 4.5, 7 ], "texture": "#particle" },
				"up": { "uv": [ 4.5, 6.5, 5.5, 7 ], "texture": "#particle" },
				"north": { "uv": [ 9, 2.5, 9.5, 7 ], "texture": "#particle" },
				"south": { "uv": [ 6.5, 2.5, 7, 7 ], "texture": "#particle" },
				"west": { "uv": [ 9, 2.5, 9.5, 7 ], "texture": "#particle" },
				"east": { "uv": [ 6.5, 2.5, 7, 7 ], "texture": "#particle" }
			}
		},
		{
			"__comment": "Box11",
			"from": [ 1, 0, 11 ],
			"to": [ 2, 11, 11.5 ],
			"faces": {
				"down": { "uv": [ 4.5, 6.5, 5.5, 7 ], "texture": "#particle" },
				"up": { "uv": [ 4.5, 6.5, 5.5, 7 ], "texture": "#particle" },
				"north": { "uv": [ 11, 4.5, 11.5, 15.5 ], "texture": "#particle" },
				"south": { "uv": [ 4.5, 5, 5, 16 ], "texture": "#particle" },
				"west": { "uv": [ 11, 5, 11.5, 16 ], "texture": "#particle" },
				"east": { "uv": [ 4.5, 5, 5, 16 ], "texture": "#particle" }
			}
		},
		{
			"__comment": "Box12",
			"from": [ 1.5, 0, 0 ],
			"to": [ 3, 16, 2 ],
			"faces": {
				"down": { "uv": [ 14, 2.5, 15.5, 4.5 ], "texture": "#particle" },
				"up": { "uv": [ 0, 0, 1.5, 2 ], "texture": "#particle" },
				"north": { "uv": [ 14, 0, 15.5, 16 ], "texture": "#particle" },
				"south": { "uv": [ 14, 0, 15.5, 16 ], "texture": "#particle" },
				"west": { "uv": [ 0, 0, 2, 16 ], "texture": "#particle" },
				"east": { "uv": [ 14, 0, 16, 16 ], "texture": "#particle" }
			}
		},
		{
			"__comment": "Box13",
			"from": [ 1.5, 0, 14 ],
			"to": [ 3, 16, 16 ],
			"faces": {
				"down": { "uv": [ 1.5, 0, 3, 2 ], "texture": "#particle" },
				"up": { "uv": [ 14, 2, 15.5, 4 ], "texture": "#particle" },
				"north": { "uv": [ 14, 0, 15.5, 16 ], "texture": "#particle" },
				"south": { "uv": [ 0, 0, 1.5, 16 ], "texture": "#particle" },
				"west": { "uv": [ 14, 0, 16, 16 ], "texture": "#particle" },
				"east": { "uv": [ 0, 0, 2, 16 ], "texture": "#particle" }
			}
		},
		{
			"__comment": "Box14",
			"from": [ 1.5, 13.5, 2 ],
			"to": [ 3, 16, 14 ],
			"faces": {
				"down": { "uv": [ 2, 0, 14, 1.5 ], "texture": "#particle", "rotation": 90 },
				"up": { "uv": [ 2, 0, 14, 1.5 ], "texture": "#particle", "rotation": 90 },
				"north": { "uv": [ 14, 0, 15.5, 1.5 ], "texture": "#particle" },
				"south": { "uv": [ 5, 0, 6.5, 1.5 ], "texture": "#particle" },
				"west": { "uv": [ 2, 0, 14, 2.5 ], "texture": "#particle" },
				"east": { "uv": [ 2, 0, 14, 2.5 ], "texture": "#particle" }
			}
		}
	]
}