{
	"__comment": "Designed by Chengzzi89 with Cubik Studio - https://cubik.studio",
	"ambientocclusion": false,
	"textures": {
		"door_birch_lower": "block/birch_door_bottom",
		"particle": "block/birch_door_bottom"
	},
	"elements": [ 	 
		{
			"from": [ 1.5, 0.5, 0.5 ],
			"to": [ 1.501, 16, 15.5 ],
			"faces": {
				"down": { "uv": [ 0, 0, 16, 16 ], "texture": "#door_birch_lower", "rotation": 90 },
				"up": { "uv": [ 0, 1.5, 16, 2.5 ], "texture": "#door_birch_lower", "rotation": 270 },
				"north": { "uv": [ 0, 0, 16, 16 ], "texture": "#door_birch_lower" },
				"south": { "uv": [ 0, 0, 16, 16 ], "texture": "#door_birch_lower" },
				"west": { "uv": [ 0.5, 0, 15.5, 15.5 ], "texture": "#door_birch_lower" },
				"east": { "uv": [ 0.5, 0, 15.5, 15.5 ], "texture": "#door_birch_lower" }
			}
		},
		{
			"from": [ 0, 0, 0 ],
			"to": [ 1.5, 16, 2 ],
			"faces": {
				"down": { "uv": [ 0, 0, 1.5, 2 ], "texture": "#door_birch_lower", "rotation": 90 },
				"up": { "uv": [ 14, 0, 15.5, 2.5 ], "texture": "#door_birch_lower" },
				"north": { "uv": [ 14, 0, 15.5, 16 ], "texture": "#door_birch_lower" },
				"south": { "uv": [ 0, 0, 1.5, 16 ], "texture": "#door_birch_lower" },
				"west": { "uv": [ 0, 0, 2, 16 ], "texture": "#door_birch_lower" },
				"east": { "uv": [ 14, 0, 16, 16 ], "texture": "#door_birch_lower" }
			}
		},
		{
			"from": [ 0, 0, 14 ],
			"to": [ 1.5, 16, 16 ],
			"faces": {
				"down": { "uv": [ 14, 13.5, 15.5, 16 ], "texture": "#door_birch_lower", "rotation": 180 },
				"up": { "uv": [ 14, 0, 15.5, 2.5 ], "texture": "#door_birch_lower" },
				"north": { "uv": [ 0, 0, 1.5, 16 ], "texture": "#door_birch_lower" },
				"south": { "uv": [ 0, 0, 1.5, 16 ], "texture": "#door_birch_lower" },
				"west": { "uv": [ 14, 0, 16, 16 ], "texture": "#door_birch_lower" },
				"east": { "uv": [ 0, 0, 1.5, 16 ], "texture": "#door_birch_lower" }
			}
		},
		{
			"from": [ 0, 0, 2 ],
			"to": [ 1.5, 2.5, 14 ],
			"faces": {
				"down": { "uv": [ 2, 14, 14, 15.5 ], "texture": "#door_birch_lower", "rotation": 90 },
				"up": { "uv": [ 2, 15.5, 14, 14 ], "texture": "#door_birch_lower", "rotation": 270 },
				"north": { "uv": [ 0, 0, 16, 16 ], "texture": "#door_birch_lower" },
				"south": { "uv": [ 0, 0, 16, 16 ], "texture": "#door_birch_lower" },
				"west": { "uv": [ 2, 13.5, 14, 16 ], "texture": "#door_birch_lower" },
				"east": { "uv": [ 2, 13.5, 14, 16 ], "texture": "#door_birch_lower" }
			}
		},
		{
			"__comment": "Box5",
			"from": [ 1, 6.5, 2 ],
			"to": [ 2, 7, 6.5 ],
			"faces": {
				"down": { "uv": [ 6.5, 9, 7, 13.5 ], "texture": "#particle" },
				"up": { "uv": [ 6.5, 9, 7, 13.5 ], "texture": "#particle" },
				"north": { "uv": [ 6.5, 11, 7.5, 11.5 ], "texture": "#particle" },
				"south": { "uv": [ 6, 11, 7, 11.5 ], "texture": "#particle" },
				"west": { "uv": [ 2, 9, 6.5, 9.5 ], "texture": "#particle" },
				"east": { "uv": [ 9.5, 9, 14, 9.5 ], "texture": "#particle" }
			}
		},
		{
			"__comment": "Box6",
			"from": [ 1, 6.5, 9.5 ],
			"to": [ 2, 7, 14 ],
			"faces": {
				"down": { "uv": [ 6.5, 9, 7, 13.5 ], "texture": "#particle" },
				"up": { "uv": [ 6.5, 9, 7, 13.5 ], "texture": "#particle" },
				"north": { "uv": [ 11.5, 9, 12.5, 9.5 ], "texture": "#particle" },
				"south": { "uv": [ 4, 9, 5, 9.5 ], "texture": "#particle" },
				"west": { "uv": [ 9.5, 9, 14, 9.5 ], "texture": "#particle" },
				"east": { "uv": [ 2, 9, 6.5, 9.5 ], "texture": "#particle" }
			}
		},
		{
			"__comment": "Box7",
			"from": [ 1, 4.5, 4.5 ],
			"to": [ 2, 5, 11.5 ],
			"faces": {
				"down": { "uv": [ 11, 4.5, 11.5, 11.5 ], "texture": "#particle" },
				"up": { "uv": [ 11, 4.5, 11.5, 11.5 ], "texture": "#particle" },
				"north": { "uv": [ 10.5, 9, 11.5, 9.5 ], "texture": "#particle" },
				"south": { "uv": [ 11, 9, 12, 9.5 ], "texture": "#particle" },
				"west": { "uv": [ 4.5, 11, 11.5, 11.5 ], "texture": "#particle" },
				"east": { "uv": [ 4.5, 11, 11.5, 11.5 ], "texture": "#particle" }
			}
		},
		{
			"__comment": "Box8",
			"from": [ 1, 5, 4.5 ],
			"to": [ 2, 16, 5 ],
			"faces": {
				"down": { "uv": [ 4, 9, 5, 9.5 ], "texture": "#particle" },
				"up": { "uv": [ 5.5, 9, 6.5, 9.5 ], "texture": "#particle" },
				"north": { "uv": [ 4.5, 0.5, 5, 11.5 ], "texture": "#particle" },
				"south": { "uv": [ 4.5, 0.5, 5, 11.5 ], "texture": "#particle" },
				"west": { "uv": [ 4.5, 0, 5, 11 ], "texture": "#particle" },
				"east": { "uv": [ 11, 0, 11.5, 11 ], "texture": "#particle" }
			}
		},
		{
			"__comment": "Box9",
			"from": [ 1, 5, 11 ],
			"to": [ 2, 16, 11.5 ],
			"faces": {
				"down": { "uv": [ 5, 9, 6, 9.5 ], "texture": "#particle" },
				"up": { "uv": [ 4, 9, 5, 9.5 ], "texture": "#particle" },
				"north": { "uv": [ 11, 0, 11.5, 11 ], "texture": "#particle" },
				"south": { "uv": [ 11, 0, 11.5, 11 ], "texture": "#particle" },
				"west": { "uv": [ 11, 0, 11.5, 11 ], "texture": "#particle" },
				"east": { "uv": [ 4.5, 0, 5, 11 ], "texture": "#particle" }
			}
		},
		{
			"__comment": "Box10",
			"from": [ 1, 2.5, 6.5 ],
			"to": [ 2, 7, 7 ],
			"faces": {
				"down": { "uv": [ 4.5, 9, 5.5, 9.5 ], "texture": "#particle" },
				"up": { "uv": [ 5, 9, 6, 9.5 ], "texture": "#particle" },
				"north": { "uv": [ 6.5, 9, 7, 13.5 ], "texture": "#particle" },
				"south": { "uv": [ 6.5, 9, 7, 13.5 ], "texture": "#particle" },
				"west": { "uv": [ 6.5, 9, 7, 13.5 ], "texture": "#particle" },
				"east": { "uv": [ 9, 9, 9.5, 13.5 ], "texture": "#particle" }
			}
		},
		{
			"__comment": "Box11",
			"from": [ 1, 2.5, 9 ],
			"to": [ 2, 7, 9.5 ],
			"faces": {
				"down": { "uv": [ 4.5, 9, 5.5, 9.5 ], "texture": "#particle" },
				"up": { "uv": [ 6, 9, 7, 9.5 ], "texture": "#particle" },
				"north": { "uv": [ 6.5, 9, 7, 13.5 ], "texture": "#particle" },
				"south": { "uv": [ 11, 7, 11.5, 11.5 ], "texture": "#particle" },
				"west": { "uv": [ 9, 9, 9.5, 13.5 ], "texture": "#particle" },
				"east": { "uv": [ 6.5, 9, 7, 13.5 ], "texture": "#particle" }
			}
		},
		{
			"__comment": "Box12",
			"from": [ 1.5, 0, 0 ],
			"to": [ 3, 16, 2 ],
			"faces": {
				"down": { "uv": [ 14, 13.5, 15.5, 15.5 ], "texture": "#particle" },
				"up": { "uv": [ 14, 5, 15.5, 7 ], "texture": "#particle" },
				"north": { "uv": [ 0, 0, 1.5, 16 ], "texture": "#particle" },
				"south": { "uv": [ 14, 0, 15.5, 16 ], "texture": "#particle" },
				"west": { "uv": [ 0, 0, 2, 16 ], "texture": "#particle" },
				"east": { "uv": [ 14, 0, 16, 16 ], "texture": "#particle" }
			}
		},
		{
			"__comment": "Box13",
			"from": [ 1.5, 0, 2 ],
			"to": [ 3, 2.5, 14 ],
			"faces": {
				"down": { "uv": [ 2, 14, 14, 15.5 ], "texture": "#particle", "rotation": 90 },
				"up": { "uv": [ 2, 14, 14, 15.5 ], "texture": "#particle", "rotation": 90 },
				"north": { "uv": [ 14, 13, 15.5, 15 ], "texture": "#particle" },
				"south": { "uv": [ 14, 12.5, 15.5, 15 ], "texture": "#particle" },
				"west": { "uv": [ 2, 13.5, 14, 16 ], "texture": "#particle" },
				"east": { "uv": [ 2, 13.5, 14, 16 ], "texture": "#particle" }
			}
		},
		{
			"__comment": "Box14",
			"from": [ 1.5, 0, 14 ],
			"to": [ 3, 16, 16 ],
			"faces": {
				"down": { "uv": [ 14, 14, 15.5, 16 ], "texture": "#particle" },
				"up": { "uv": [ 14, 11, 15.5, 13 ], "texture": "#particle" },
				"north": { "uv": [ 14, 0, 15.5, 16 ], "texture": "#particle" },
				"south": { "uv": [ 14, 0, 15.5, 16 ], "texture": "#particle" },
				"west": { "uv": [ 14, 0, 16, 16 ], "texture": "#particle" },
				"east": { "uv": [ 0, 0, 2, 16 ], "texture": "#particle" }
			}
		}
	]
}