{
	"__comment": "Designed by Chengzzi89 with Cubik Studio - https://cubik.studio",
	"ambientocclusion": false,
	"textures": {
		"door_iron_lower": "block/iron_door_bottom",
		"particle": "block/door_iron_top"
	},
	"elements": [ 	 
		{
			"from": [ 1, 2, 1 ],
			"to": [ 2, 14, 15 ],
			"faces": {
				"down": { "uv": [ 0, 0, 16, 16 ], "texture": "#door_iron_lower", "rotation": 90 },
				"up": { "uv": [ 0, 1.5, 16, 2.5 ], "texture": "#door_iron_lower", "rotation": 270 },
				"north": { "uv": [ 1, 2, 15, 14 ], "texture": "#door_iron_lower" },
				"south": { "uv": [ 1, 2, 15, 14 ], "texture": "#door_iron_lower" },
				"west": { "uv": [ 1, 2, 15, 14 ], "texture": "#door_iron_lower" },
				"east": { "uv": [ 1, 2, 15, 14 ], "texture": "#door_iron_lower" }
			}
		},
		{
			"from": [ 0, 0, 0 ],
			"to": [ 3, 16, 1 ],
			"faces": {
				"down": { "uv": [ 0, 0, 1, 3 ], "texture": "#door_iron_lower", "rotation": 90 },
				"up": { "uv": [ 15, 0, 16, 3.5 ], "texture": "#door_iron_lower", "rotation": 90 },
				"north": { "uv": [ 3, 0, 6, 16 ], "texture": "#particle" },
				"south": { "uv": [ 12, 0, 15, 16 ], "texture": "#particle" },
				"west": { "uv": [ 0, 0, 1, 16 ], "texture": "#door_iron_lower" },
				"east": { "uv": [ 15, 0, 16, 16 ], "texture": "#door_iron_lower" }
			}
		},
		{
			"from": [ 0, 0, 15 ],
			"to": [ 3, 16, 16 ],
			"faces": {
				"down": { "uv": [ 0, 0, 1, 3.5 ], "texture": "#door_iron_lower", "rotation": 90 },
				"up": { "uv": [ 0, 0, 1, 3 ], "texture": "#door_iron_lower", "rotation": 270 },
				"north": { "uv": [ 12, 0, 15, 16 ], "texture": "#particle" },
				"south": { "uv": [ 3, 0, 6, 16 ], "texture": "#particle" },
				"west": { "uv": [ 15, 0, 16, 16 ], "texture": "#door_iron_lower" },
				"east": { "uv": [ 0, 0, 1, 16 ], "texture": "#door_iron_lower" }
			}
		},
		{
			"from": [ 0, 0, 1 ],
			"to": [ 3, 2, 15 ],
			"faces": {
				"down": { "uv": [ 9, 1, 12, 15 ], "texture": "#particle", "rotation": 180 },
				"up": { "uv": [ 12, 1, 15, 15 ], "texture": "#particle" },
				"north": { "uv": [ 9, 0, 12, 16 ], "texture": "#particle" },
				"south": { "uv": [ 6, 0, 9, 16 ], "texture": "#particle" },
				"west": { "uv": [ 1, 14, 15, 16 ], "texture": "#door_iron_lower" },
				"east": { "uv": [ 1, 14, 15, 16 ], "texture": "#door_iron_lower" }
			}
		},
		{
			"__comment": "Box5",
			"from": [ 0.5, 2.5, 1.5 ],
			"to": [ 1, 5, 14.5 ],
			"faces": {
				"down": { "uv": [ 0.5, 0.5, 1, 13.5 ], "texture": "#door_iron_lower" },
				"up": { "uv": [ 0.5, 0.5, 1, 13.5 ], "texture": "#door_iron_lower" },
				"north": { "uv": [ 15, 11, 15.5, 13.5 ], "texture": "#door_iron_lower" },
				"south": { "uv": [ 0.5, 11, 1, 13.5 ], "texture": "#door_iron_lower" },
				"west": { "uv": [ 1.5, 11, 14.5, 13.5 ], "texture": "#door_iron_lower" },
				"east": { "uv": [ 1.5, 11, 14.5, 13.5 ], "texture": "#door_iron_lower" }
			}
		},
		{
			"__comment": "Box6",
			"from": [ 2, 6, 1.5 ],
			"to": [ 2.5, 9.5, 14.5 ],
			"faces": {
				"down": { "uv": [ 0.5, 0.5, 1, 13.5 ], "texture": "#door_iron_lower" },
				"up": { "uv": [ 0.5, 0.5, 1, 13.5 ], "texture": "#door_iron_lower" },
				"north": { "uv": [ 13.5, 6.5, 14, 10 ], "texture": "#door_iron_lower" },
				"south": { "uv": [ 2, 6.5, 2.5, 10 ], "texture": "#door_iron_lower" },
				"west": { "uv": [ 1.5, 6.5, 14.5, 10 ], "texture": "#door_iron_lower" },
				"east": { "uv": [ 1.5, 6.5, 14.5, 10 ], "texture": "#door_iron_lower" }
			}
		},
		{
			"__comment": "Box7",
			"from": [ 2, 10.5, 1.5 ],
			"to": [ 2.5, 13.5, 14.5 ],
			"faces": {
				"down": { "uv": [ 0.5, 0.5, 1, 13.5 ], "texture": "#door_iron_lower" },
				"up": { "uv": [ 0.5, 0.5, 1, 13.5 ], "texture": "#door_iron_lower" },
				"north": { "uv": [ 13.5, 2.5, 14, 5.5 ], "texture": "#door_iron_lower" },
				"south": { "uv": [ 2, 2.5, 2.5, 5.5 ], "texture": "#door_iron_lower" },
				"west": { "uv": [ 1.5, 2.5, 14.5, 5.5 ], "texture": "#door_iron_lower" },
				"east": { "uv": [ 1.5, 2.5, 14.5, 5.5 ], "texture": "#door_iron_lower" }
			}
		},
		{
			"__comment": "Box8",
			"from": [ 2, 2.5, 1.5 ],
			"to": [ 2.5, 5, 14.5 ],
			"faces": {
				"down": { "uv": [ 0.5, 0.5, 1, 13.5 ], "texture": "#door_iron_lower" },
				"up": { "uv": [ 0.5, 0.5, 1, 13.5 ], "texture": "#door_iron_lower" },
				"north": { "uv": [ 13.5, 11, 14, 13.5 ], "texture": "#door_iron_lower" },
				"south": { "uv": [ 2, 11, 2.5, 13.5 ], "texture": "#door_iron_lower" },
				"west": { "uv": [ 1.5, 11, 14.5, 13.5 ], "texture": "#door_iron_lower" },
				"east": { "uv": [ 1.5, 11, 14.5, 13.5 ], "texture": "#door_iron_lower" }
			}
		},
		{
			"__comment": "Box9",
			"from": [ 0.5, 6, 1.5 ],
			"to": [ 1, 9.5, 14.5 ],
			"faces": {
				"down": { "uv": [ 0.5, 0.5, 1, 13.5 ], "texture": "#door_iron_lower" },
				"up": { "uv": [ 0.5, 0.5, 1, 13.5 ], "texture": "#door_iron_lower" },
				"north": { "uv": [ 15, 6.5, 15.5, 10 ], "texture": "#door_iron_lower" },
				"south": { "uv": [ 0.5, 6.5, 1, 10 ], "texture": "#door_iron_lower" },
				"west": { "uv": [ 1.5, 6.5, 14.5, 10 ], "texture": "#door_iron_lower" },
				"east": { "uv": [ 1.5, 6.5, 14.5, 10 ], "texture": "#door_iron_lower" }
			}
		},
		{
			"__comment": "Box10",
			"from": [ 0.5, 10.5, 1.5 ],
			"to": [ 1, 13.5, 14.5 ],
			"faces": {
				"down": { "uv": [ 0.5, 0.5, 1, 13.5 ], "texture": "#door_iron_lower" },
				"up": { "uv": [ 0.5, 0.5, 1, 13.5 ], "texture": "#door_iron_lower" },
				"north": { "uv": [ 15, 2.5, 15.5, 5.5 ], "texture": "#door_iron_lower" },
				"south": { "uv": [ 0.5, 2.5, 1, 5.5 ], "texture": "#door_iron_lower" },
				"west": { "uv": [ 1.5, 2.5, 14.5, 5.5 ], "texture": "#door_iron_lower" },
				"east": { "uv": [ 1.5, 2.5, 14.5, 5.5 ], "texture": "#door_iron_lower" }
			}
		},
		{
			"__comment": "Box11",
			"from": [ 0, 14, 1 ],
			"to": [ 3, 16, 15 ],
			"faces": {
				"down": { "uv": [ 0, 1, 3, 15 ], "texture": "#particle" },
				"up": { "uv": [ 0, 1, 3, 15 ], "texture": "#particle" },
				"north": { "uv": [ 13, 0, 16, 2 ], "texture": "#door_iron_lower" },
				"south": { "uv": [ 0, 0, 3, 2 ], "texture": "#door_iron_lower" },
				"west": { "uv": [ 1, 0, 15, 2 ], "texture": "#door_iron_lower" },
				"east": { "uv": [ 1, 0, 15, 2 ], "texture": "#door_iron_lower" }
			}
		}
	]
}