{
	"__comment": "Designed by Chengzzi89 with Cubik Studio - https://cubik.studio",
	"ambientocclusion": false,
	"textures": {
		"door_iron_upper": "block/iron_door_top",
		"particle": "block/door_iron_top"
	},
	"elements": [ 	 
		{
			"from": [ 1, 1.5, 1 ],
			"to": [ 2, 14, 5.5 ],
			"faces": {
				"down": { "uv": [ 0, 0, 16, 16 ], "texture": "#door_iron_upper", "rotation": 90 },
				"up": { "uv": [ 0, 0, 16, 2.5 ], "texture": "#door_iron_upper", "rotation": 270 },
				"north": { "uv": [ 8, 0, 12.5, 16 ], "texture": "#door_iron_upper" },
				"south": { "uv": [ 0, 0, 6.5, 16 ], "texture": "#door_iron_upper" },
				"west": { "uv": [ 1, 2, 5.5, 14.5 ], "texture": "#door_iron_upper" },
				"east": { "uv": [ 10.5, 2, 15, 14.5 ], "texture": "#door_iron_upper" }
			}
		},
		{
			"from": [ 1, 1.5, 10.5 ],
			"to": [ 2, 14, 15 ],
			"faces": {
				"down": { "uv": [ 0, 0, 16, 16 ], "texture": "#door_iron_upper", "rotation": 90 },
				"up": { "uv": [ 0, 0, 16, 16 ], "texture": "#door_iron_upper", "rotation": 270 },
				"north": { "uv": [ 0, 0, 16, 16 ], "texture": "#door_iron_upper" },
				"south": { "uv": [ 0, 0, 16, 16 ], "texture": "#door_iron_upper" },
				"west": { "uv": [ 10.5, 2, 15, 14.5 ], "texture": "#door_iron_upper" },
				"east": { "uv": [ 1, 2, 5.5, 14.5 ], "texture": "#door_iron_upper" }
			}
		},
		{
			"from": [ 1, 9, 5.5 ],
			"to": [ 2, 14, 10.5 ],
			"faces": {
				"down": { "uv": [ 0, 0, 16, 16 ], "texture": "#door_iron_upper", "rotation": 90 },
				"up": { "uv": [ 0, 0, 16, 16 ], "texture": "#door_iron_upper", "rotation": 270 },
				"north": { "uv": [ 0, 0, 16, 16 ], "texture": "#door_iron_upper" },
				"south": { "uv": [ 0, 0, 16, 16 ], "texture": "#door_iron_upper" },
				"west": { "uv": [ 5.5, 2, 10.5, 7 ], "texture": "#door_iron_upper" },
				"east": { "uv": [ 5.5, 2, 10.5, 7 ], "texture": "#door_iron_upper" }
			}
		},
		{
			"from": [ 1, 1.5, 5.5 ],
			"to": [ 2, 5.5, 10.5 ],
			"faces": {
				"down": { "uv": [ 0, 0, 16, 16 ], "texture": "#door_iron_upper", "rotation": 90 },
				"up": { "uv": [ 0, 0, 16, 16 ], "texture": "#door_iron_upper", "rotation": 270 },
				"north": { "uv": [ 0, 0, 16, 16 ], "texture": "#door_iron_upper" },
				"south": { "uv": [ 0, 0, 16, 16 ], "texture": "#door_iron_upper" },
				"west": { "uv": [ 5.5, 10.5, 10.5, 14.5 ], "texture": "#door_iron_upper" },
				"east": { "uv": [ 5.5, 10.5, 10.5, 14.5 ], "texture": "#door_iron_upper" }
			}
		},
		{
			"from": [ 0, 0, 0 ],
			"to": [ 3, 16, 1 ],
			"faces": {
				"down": { "uv": [ 15, 9, 16, 12.5 ], "texture": "#door_iron_upper", "rotation": 90 },
				"up": { "uv": [ 15, 8, 16, 10.5 ], "texture": "#door_iron_upper", "rotation": 270 },
				"north": { "uv": [ 0, 0, 3, 16 ], "texture": "#particle" },
				"south": { "uv": [ 12, 0, 15, 16 ], "texture": "#particle" },
				"west": { "uv": [ 0, 0, 1, 16 ], "texture": "#door_iron_upper" },
				"east": { "uv": [ 15, 0, 16, 16 ], "texture": "#door_iron_upper" }
			}
		},
		{
			"from": [ 0, 0, 15 ],
			"to": [ 3, 16, 16 ],
			"faces": {
				"down": { "uv": [ 0, 0, 16, 16 ], "texture": "#door_iron_upper", "rotation": 90 },
				"up": { "uv": [ 15, 13.5, 16, 16 ], "texture": "#door_iron_upper", "rotation": 270 },
				"north": { "uv": [ 12, 0, 15, 16 ], "texture": "#particle" },
				"south": { "uv": [ 0, 0, 3, 16 ], "texture": "#particle" },
				"west": { "uv": [ 15, 0, 16, 16 ], "texture": "#door_iron_upper" },
				"east": { "uv": [ 0, 0, 1, 16 ], "texture": "#door_iron_upper" }
			}
		},
		{
			"from": [ 0, 14, 1 ],
			"to": [ 3, 16, 15 ],
			"faces": {
				"down": { "uv": [ 12, 1, 15, 15 ], "texture": "#particle", "rotation": 180 },
				"up": { "uv": [ 6, 1, 9, 15 ], "texture": "#particle" },
				"north": { "uv": [ 0, 0, 16, 16 ], "texture": "#door_iron_upper" },
				"south": { "uv": [ 0, 0, 16, 16 ], "texture": "#door_iron_upper" },
				"west": { "uv": [ 1, 0, 15, 2 ], "texture": "#door_iron_upper" },
				"east": { "uv": [ 1, 0, 15, 2 ], "texture": "#door_iron_upper" }
			}
		},
		{
			"from": [ 0, 5.5, 5 ],
			"to": [ 3, 9.5, 6 ],
			"faces": {
				"down": { "uv": [ 15, 5.5, 16, 11 ], "texture": "#door_iron_upper", "rotation": 90 },
				"up": { "uv": [ 15, 5, 16, 11 ], "texture": "#door_iron_upper", "rotation": 270 },
				"north": { "uv": [ 6, 3, 10, 5.5 ], "texture": "#door_iron_upper" },
				"south": { "uv": [ 6, 3, 10, 5.5 ], "texture": "#door_iron_upper" },
				"west": { "uv": [ 5, 6.5, 6, 10.5 ], "texture": "#door_iron_upper" },
				"east": { "uv": [ 10, 6.5, 11, 10.5 ], "texture": "#door_iron_upper" }
			}
		},
		{
			"from": [ 0, 5.5, 10 ],
			"to": [ 3, 9.5, 11 ],
			"faces": {
				"down": { "uv": [ 15, 6, 16, 11 ], "texture": "#door_iron_upper", "rotation": 90 },
				"up": { "uv": [ 15, 8, 16, 12.5 ], "texture": "#door_iron_upper", "rotation": 270 },
				"north": { "uv": [ 6, 2.5, 10, 5.5 ], "texture": "#door_iron_upper" },
				"south": { "uv": [ 6, 3, 10, 5.5 ], "texture": "#door_iron_upper" },
				"west": { "uv": [ 10, 6.5, 11, 10.5 ], "texture": "#door_iron_upper" },
				"east": { "uv": [ 5, 6.5, 6, 10.5 ], "texture": "#door_iron_upper" }
			}
		},
		{
			"from": [ 0, 8.5, 6 ],
			"to": [ 3, 9.5, 10 ],
			"faces": {
				"down": { "uv": [ 6, 3, 10, 5.5 ], "texture": "#door_iron_upper", "rotation": 90 },
				"up": { "uv": [ 6, 3, 10, 5.5 ], "texture": "#door_iron_upper", "rotation": 270 },
				"north": { "uv": [ 0, 0, 16, 16 ], "texture": "#door_iron_upper" },
				"south": { "uv": [ 0, 0, 16, 16 ], "texture": "#door_iron_upper" },
				"west": { "uv": [ 6, 6.5, 10, 7.5 ], "texture": "#door_iron_upper" },
				"east": { "uv": [ 6, 6.5, 10, 7.5 ], "texture": "#door_iron_upper" }
			}
		},
		{
			"from": [ 0, 5.5, 6 ],
			"to": [ 3, 6.5, 10 ],
			"faces": {
				"down": { "uv": [ 6, 3, 10, 5.5 ], "texture": "#door_iron_upper", "rotation": 90 },
				"up": { "uv": [ 6, 3, 10, 5.5 ], "texture": "#door_iron_upper", "rotation": 270 },
				"north": { "uv": [ 0, 0, 16, 16 ], "texture": "#door_iron_upper" },
				"south": { "uv": [ 0, 0, 16, 16 ], "texture": "#door_iron_upper" },
				"west": { "uv": [ 6, 9.5, 10, 10.5 ], "texture": "#door_iron_upper" },
				"east": { "uv": [ 6, 9.5, 10, 10.5 ], "texture": "#door_iron_upper" }
			}
		},
		{
			"__comment": "Box12",
			"from": [ 2, 2, 1.5 ],
			"to": [ 2.5, 5, 14.5 ],
			"faces": {
				"down": { "uv": [ 0.5, 3, 1, 16 ], "texture": "#door_iron_upper" },
				"up": { "uv": [ 0.5, 3, 1, 16 ], "texture": "#door_iron_upper" },
				"north": { "uv": [ 13.5, 11, 14, 14 ], "texture": "#door_iron_upper" },
				"south": { "uv": [ 2, 11, 2.5, 14 ], "texture": "#door_iron_upper" },
				"west": { "uv": [ 1.5, 11, 14.5, 14 ], "texture": "#door_iron_upper" },
				"east": { "uv": [ 1.5, 11, 14.5, 14 ], "texture": "#door_iron_upper" }
			}
		},
		{
			"__comment": "Box13",
			"from": [ 2, 6, 1.5 ],
			"to": [ 2.5, 9, 5 ],
			"faces": {
				"down": { "uv": [ 0.5, 10.5, 1, 14 ], "texture": "#door_iron_upper" },
				"up": { "uv": [ 0.5, 5, 1, 8.5 ], "texture": "#door_iron_upper" },
				"north": { "uv": [ 13.5, 7, 14, 10 ], "texture": "#door_iron_upper" },
				"south": { "uv": [ 2, 7, 2.5, 10 ], "texture": "#door_iron_upper" },
				"west": { "uv": [ 1.5, 7, 5, 10 ], "texture": "#door_iron_upper" },
				"east": { "uv": [ 11, 7, 14.5, 10 ], "texture": "#door_iron_upper" }
			}
		},
		{
			"__comment": "Box14",
			"from": [ 2, 6, 11 ],
			"to": [ 2.5, 9, 14.5 ],
			"faces": {
				"down": { "uv": [ 0.5, 6, 1, 9.5 ], "texture": "#door_iron_upper" },
				"up": { "uv": [ 0.5, 9.5, 1, 13 ], "texture": "#door_iron_upper" },
				"north": { "uv": [ 13.5, 7, 14, 10 ], "texture": "#door_iron_upper" },
				"south": { "uv": [ 2, 7, 2.5, 10 ], "texture": "#door_iron_upper" },
				"west": { "uv": [ 11, 7, 14.5, 10 ], "texture": "#door_iron_upper" },
				"east": { "uv": [ 1.5, 7, 5, 10 ], "texture": "#door_iron_upper" }
			}
		},
		{
			"__comment": "Box15",
			"from": [ 2, 10, 1.5 ],
			"to": [ 2.5, 13.5, 14.5 ],
			"faces": {
				"down": { "uv": [ 0.5, 3, 1, 16 ], "texture": "#door_iron_upper" },
				"up": { "uv": [ 0.5, 3, 1, 16 ], "texture": "#door_iron_upper" },
				"north": { "uv": [ 13.5, 2.5, 14, 6 ], "texture": "#door_iron_upper" },
				"south": { "uv": [ 2, 2.5, 2.5, 6 ], "texture": "#door_iron_upper" },
				"west": { "uv": [ 1.5, 2.5, 14.5, 6 ], "texture": "#door_iron_upper" },
				"east": { "uv": [ 1.5, 2.5, 14.5, 6 ], "texture": "#door_iron_upper" }
			}
		},
		{
			"__comment": "Box16",
			"from": [ 0.5, 2, 1.5 ],
			"to": [ 1, 5, 14.5 ],
			"faces": {
				"down": { "uv": [ 0.5, 3, 1, 16 ], "texture": "#door_iron_upper" },
				"up": { "uv": [ 0.5, 3, 1, 16 ], "texture": "#door_iron_upper" },
				"north": { "uv": [ 15, 11, 15.5, 14 ], "texture": "#door_iron_upper" },
				"south": { "uv": [ 0.5, 11, 1, 14 ], "texture": "#door_iron_upper" },
				"west": { "uv": [ 1.5, 11, 14.5, 14 ], "texture": "#door_iron_upper" },
				"east": { "uv": [ 1.5, 11, 14.5, 14 ], "texture": "#door_iron_upper" }
			}
		},
		{
			"__comment": "Box17",
			"from": [ 0.5, 6, 1.5 ],
			"to": [ 1, 9, 5 ],
			"faces": {
				"down": { "uv": [ 0.5, 11, 1, 14.5 ], "texture": "#door_iron_upper" },
				"up": { "uv": [ 0.5, 5.5, 1, 9 ], "texture": "#door_iron_upper" },
				"north": { "uv": [ 15, 7, 15.5, 10 ], "texture": "#door_iron_upper" },
				"south": { "uv": [ 0.5, 7, 1, 10 ], "texture": "#door_iron_upper" },
				"west": { "uv": [ 1.5, 7, 5, 10 ], "texture": "#door_iron_upper" },
				"east": { "uv": [ 11, 7, 14.5, 10 ], "texture": "#door_iron_upper" }
			}
		},
		{
			"__comment": "Box18",
			"from": [ 0.5, 6, 11 ],
			"to": [ 1, 9, 14.5 ],
			"faces": {
				"down": { "uv": [ 0.5, 4, 1, 7.5 ], "texture": "#door_iron_upper" },
				"up": { "uv": [ 0.5, 11, 1, 14.5 ], "texture": "#door_iron_upper" },
				"north": { "uv": [ 15, 7, 15.5, 10 ], "texture": "#door_iron_upper" },
				"south": { "uv": [ 0.5, 7, 1, 10 ], "texture": "#door_iron_upper" },
				"west": { "uv": [ 11, 7, 14.5, 10 ], "texture": "#door_iron_upper" },
				"east": { "uv": [ 1.5, 7, 5, 10 ], "texture": "#door_iron_upper" }
			}
		},
		{
			"__comment": "Box19",
			"from": [ 0.5, 10, 1.5 ],
			"to": [ 1, 13.5, 14.5 ],
			"faces": {
				"down": { "uv": [ 0.5, 3, 1, 16 ], "texture": "#door_iron_upper" },
				"up": { "uv": [ 0.5, 3, 1, 16 ], "texture": "#door_iron_upper" },
				"north": { "uv": [ 15, 4.5, 15.5, 8 ], "texture": "#door_iron_upper" },
				"south": { "uv": [ 0.5, 5, 1, 8.5 ], "texture": "#door_iron_upper" },
				"west": { "uv": [ 1.5, 2.5, 14.5, 6 ], "texture": "#door_iron_upper" },
				"east": { "uv": [ 1.5, 2.5, 14.5, 6 ], "texture": "#door_iron_upper" }
			}
		},
		{
			"__comment": "Box20",
			"from": [ 0, 0, 1 ],
			"to": [ 3, 1.5, 15 ],
			"faces": {
				"down": { "uv": [ 12, 1, 15, 15 ], "texture": "#particle" },
				"up": { "uv": [ 12, 1, 15, 15 ], "texture": "#particle" },
				"north": { "uv": [ 13, 14.5, 16, 16 ], "texture": "#door_iron_upper" },
				"south": { "uv": [ 8, 14.5, 11, 16 ], "texture": "#door_iron_upper" },
				"west": { "uv": [ 1, 14.5, 15, 16 ], "texture": "#door_iron_upper" },
				"east": { "uv": [ 1, 14.5, 15, 16 ], "texture": "#door_iron_upper" }
			}
		}
	],
	"display": {
		"ground": {
			"translation":  [ 0, 2, 0 ],
			"scale":  [ 0.5, 0.5, 0.5 ]
		}
	}
}