{
  "multipart": [
    { "when": { "half": "bottom" }, "apply": { "model": "minecraft:block_full/stairs/bamboo_back" } },
    { "when": { "half": "top" }, "apply":  { "model": "minecraft:block_full/stairs/bamboo_back", "x": 180 } },
    
    
    { "when": { "facing": "east", "shape":"straight" }, "apply": { "model": "minecraft:block_full/stairs/bamboo_side" } },
    { "when": { "facing": "west", "shape":"straight" }, "apply": { "model": "minecraft:block_full/stairs/bamboo_side", "y": 180 } },
    { "when": { "facing": "south", "shape":"straight" }, "apply": { "model": "minecraft:block_full/stairs/bamboo_side", "y": 90 } },
    { "when": { "facing": "north", "shape":"straight" }, "apply": { "model": "minecraft:block_full/stairs/bamboo_side", "y": 270 } },
    
    { "when": { "facing": "east", "shape":"inner_right" }, "apply": { "model": "minecraft:block_full/stairs/bamboo_side" } },
    { "when": { "facing": "west", "shape":"inner_right" }, "apply": { "model": "minecraft:block_full/stairs/bamboo_side", "y": 180 } },
    { "when": { "facing": "south", "shape":"inner_right" }, "apply": { "model": "minecraft:block_full/stairs/bamboo_side", "y": 90 } },
    { "when": { "facing": "north", "shape":"inner_right" }, "apply": { "model": "minecraft:block_full/stairs/bamboo_side", "y": 270 } },
    { "when": { "facing": "east", "shape":"inner_right" }, "apply": { "model": "minecraft:block_full/stairs/bamboo_side", "y": 90 } },
    { "when": { "facing": "west", "shape":"inner_right" }, "apply": { "model": "minecraft:block_full/stairs/bamboo_side", "y": 270 } },
    { "when": { "facing": "south", "shape":"inner_right" }, "apply": { "model": "minecraft:block_full/stairs/bamboo_side", "y": 180 } },
    { "when": { "facing": "north", "shape":"inner_right" }, "apply": { "model": "minecraft:block_full/stairs/bamboo_side" } },
    
    { "when": { "facing": "east", "shape":"inner_left" }, "apply": { "model": "minecraft:block_full/stairs/bamboo_side" } },
    { "when": { "facing": "west", "shape":"inner_left" }, "apply": { "model": "minecraft:block_full/stairs/bamboo_side", "y": 180 } },
    { "when": { "facing": "south", "shape":"inner_left" }, "apply": { "model": "minecraft:block_full/stairs/bamboo_side", "y": 90 } },
    { "when": { "facing": "north", "shape":"inner_left" }, "apply": { "model": "minecraft:block_full/stairs/bamboo_side", "y": 270 } },
    { "when": { "facing": "east", "shape":"inner_left" }, "apply": { "model": "minecraft:block_full/stairs/bamboo_side", "y": 270 } },
    { "when": { "facing": "west", "shape":"inner_left" }, "apply": { "model": "minecraft:block_full/stairs/bamboo_side", "y": 90 } },
    { "when": { "facing": "south", "shape":"inner_left" }, "apply": { "model": "minecraft:block_full/stairs/bamboo_side" } },
    { "when": { "facing": "north", "shape":"inner_left" }, "apply": { "model": "minecraft:block_full/stairs/bamboo_side", "y": 180 } },
    
    
    { "when": { "facing": "east", "half":"bottom", "shape":"straight" }, "apply": { "model": "minecraft:block_full/stairs/bamboo_stairs" } },
    { "when": { "facing": "west", "half":"bottom", "shape":"straight" }, "apply": { "model": "minecraft:block_full/stairs/bamboo_stairs", "y": 180 } },
    { "when": { "facing": "south", "half":"bottom", "shape":"straight" }, "apply": { "model": "minecraft:block_full/stairs/bamboo_stairs", "y": 90 } },
    { "when": { "facing": "north", "half":"bottom", "shape":"straight" }, "apply": { "model": "minecraft:block_full/stairs/bamboo_stairs", "y": 270 } },
    
    { "when": { "facing": "west", "half":"bottom", "shape":"outer_right" }, "apply": { "model": "minecraft:block_full/stairs/bamboo_outer_stairs", "y": 180 } },
    { "when": { "facing": "east", "half":"bottom", "shape":"outer_right" }, "apply": { "model": "minecraft:block_full/stairs/bamboo_outer_stairs" } },
    { "when": { "facing": "south", "half":"bottom", "shape":"outer_right" }, "apply": { "model": "minecraft:block_full/stairs/bamboo_outer_stairs", "y": 90 } },
    { "when": { "facing": "north", "half":"bottom", "shape":"outer_right" }, "apply": { "model": "minecraft:block_full/stairs/bamboo_outer_stairs", "y": 270 } },
    
    { "when": { "facing": "west", "half":"bottom", "shape":"outer_left" }, "apply": { "model": "minecraft:block_full/stairs/bamboo_outer_stairs", "y": 90 } },
    { "when": { "facing": "east", "half":"bottom", "shape":"outer_left" }, "apply": { "model": "minecraft:block_full/stairs/bamboo_outer_stairs", "y": 270 } },
    { "when": { "facing": "south", "half":"bottom", "shape":"outer_left" }, "apply": { "model": "minecraft:block_full/stairs/bamboo_outer_stairs" } },
    { "when": { "facing": "north", "half":"bottom", "shape":"outer_left" }, "apply": { "model": "minecraft:block_full/stairs/bamboo_outer_stairs", "y": 180 } },
    
    { "when": { "facing": "west", "half":"bottom", "shape":"inner_right" }, "apply": { "model": "minecraft:block_full/stairs/bamboo_inner_stairs", "y": 180 } },
    { "when": { "facing": "east", "half":"bottom", "shape":"inner_right" }, "apply": { "model": "minecraft:block_full/stairs/bamboo_inner_stairs" } },
    { "when": { "facing": "south", "half":"bottom", "shape":"inner_right" }, "apply": { "model": "minecraft:block_full/stairs/bamboo_inner_stairs", "y": 90 } },
    { "when": { "facing": "north", "half":"bottom", "shape":"inner_right" }, "apply": { "model": "minecraft:block_full/stairs/bamboo_inner_stairs", "y": 270 } },
    
    { "when": { "facing": "east", "half":"bottom", "shape":"inner_left" }, "apply": { "model": "minecraft:block_full/stairs/bamboo_inner_stairs", "y": 270 } },
    { "when": { "facing": "west", "half":"bottom", "shape":"inner_left" }, "apply": { "model": "minecraft:block_full/stairs/bamboo_inner_stairs", "y": 90 } },
    { "when": { "facing": "south", "half":"bottom", "shape":"inner_left" }, "apply": { "model": "minecraft:block_full/stairs/bamboo_inner_stairs" } },
    { "when": { "facing": "north", "half":"bottom", "shape":"inner_left" }, "apply": { "model": "minecraft:block_full/stairs/bamboo_inner_stairs", "y": 180 } },
    
    { "when": { "facing": "east", "half":"top", "shape":"straight" }, "apply": { "model": "minecraft:block_full/stairs/bamboo_stairs", "x": 180 } },
    { "when": { "facing": "west", "half":"top", "shape":"straight" }, "apply": { "model": "minecraft:block_full/stairs/bamboo_stairs", "x": 180, "y": 180 } },
    { "when": { "facing": "south", "half":"top", "shape":"straight" }, "apply": { "model": "minecraft:block_full/stairs/bamboo_stairs", "x": 180, "y": 90 } },
    { "when": { "facing": "north", "half":"top", "shape":"straight" }, "apply": { "model": "minecraft:block_full/stairs/bamboo_stairs", "x": 180, "y": 270 } },
    
    { "when": { "facing": "east", "half":"top", "shape":"outer_right" }, "apply": { "model": "minecraft:block_full/stairs/bamboo_outer_stairs", "x": 180, "y": 90 } },
    { "when": { "facing": "west", "half":"top", "shape":"outer_right" }, "apply": { "model": "minecraft:block_full/stairs/bamboo_outer_stairs", "x": 180, "y": 270 } },
    { "when": { "facing": "south", "half":"top", "shape":"outer_right" }, "apply": { "model": "minecraft:block_full/stairs/bamboo_outer_stairs", "x": 180, "y": 180 } },
    { "when": { "facing": "north", "half":"top", "shape":"outer_right" }, "apply": { "model": "minecraft:block_full/stairs/bamboo_outer_stairs", "x": 180 } },
    
    { "when": { "facing": "east", "half":"top", "shape":"outer_left" }, "apply": { "model": "minecraft:block_full/stairs/bamboo_outer_stairs", "x": 180 } },
    { "when": { "facing": "west", "half":"top", "shape":"outer_left" }, "apply": { "model": "minecraft:block_full/stairs/bamboo_outer_stairs", "x": 180, "y": 180 } },
    { "when": { "facing": "south", "half":"top", "shape":"outer_left" }, "apply": { "model": "minecraft:block_full/stairs/bamboo_outer_stairs", "x": 180, "y": 90 } },
    { "when": { "facing": "north", "half":"top", "shape":"outer_left" }, "apply": { "model": "minecraft:block_full/stairs/bamboo_outer_stairs", "x": 180, "y": 270 } },
    
    { "when": { "facing": "east", "half":"top", "shape":"inner_right" }, "apply": { "model": "minecraft:block_full/stairs/bamboo_inner_stairs", "x": 180, "y": 90 } },
    { "when": { "facing": "west", "half":"top", "shape":"inner_right" }, "apply": { "model": "minecraft:block_full/stairs/bamboo_inner_stairs", "x": 180, "y": 270 } },
    { "when": { "facing": "south", "half":"top", "shape":"inner_right" }, "apply": { "model": "minecraft:block_full/stairs/bamboo_inner_stairs", "x": 180, "y": 180 } },
    { "when": { "facing": "north", "half":"top", "shape":"inner_right" }, "apply": { "model": "minecraft:block_full/stairs/bamboo_inner_stairs", "x": 180 } },
    
    { "when": { "facing": "east", "half":"top", "shape":"inner_left" }, "apply": { "model": "minecraft:block_full/stairs/bamboo_inner_stairs", "x": 180 } },
    { "when": { "facing": "west", "half":"top", "shape":"inner_left" }, "apply": { "model": "minecraft:block_full/stairs/bamboo_inner_stairs", "x": 180, "y": 180 } },
    { "when": { "facing": "south", "half":"top", "shape":"inner_left" }, "apply": { "model": "minecraft:block_full/stairs/bamboo_inner_stairs", "x": 180, "y": 90 } },
    { "when": { "facing": "north", "half":"top", "shape":"inner_left" }, "apply": { "model": "minecraft:block_full/stairs/bamboo_inner_stairs", "x": 180, "y": 270 } }
  ]
}
