{
    "variants": {
      "facing=north,face=floor": { "model": "minecraft:block/bell_floor" },
      "facing=south,face=floor": { "model": "minecraft:block/bell_floor", "y": 180 },
      "facing=east,face=floor":  { "model": "minecraft:block/bell_floor", "y": 90 },
      "facing=west,face=floor":  { "model": "minecraft:block/bell_floor", "y": 270 },
      "facing=north,face=ceiling": { "model": "minecraft:block/bell_ceiling" },
      "facing=south,face=ceiling": { "model": "minecraft:block/bell_ceiling", "y": 180 },
      "facing=east,face=ceiling":  { "model": "minecraft:block/bell_ceiling", "y": 90 },
      "facing=west,face=wall":  { "model": "minecraft:block/bell_wall" },
      "facing=south,face=wall": { "model": "minecraft:block/bell_wall" },
      "facing=east,face=wall":  { "model": "minecraft:block/bell_wall" },
      "facing=west,face=wall":  { "model": "minecraft:block/bell_wall" }
    }
}
