{
  "multipart": [    
    { "when": { "facing": "east", "half":"bottom", "shape":"straight" }, "apply": { "model": "minecraft:block_full/stairs/quartz_stairs", "uvlock": true } },
    { "when": { "facing": "west", "half":"bottom", "shape":"straight" }, "apply": { "model": "minecraft:block_full/stairs/quartz_stairs", "uvlock": true, "y": 180 } },
    { "when": { "facing": "south", "half":"bottom", "shape":"straight" }, "apply": { "model": "minecraft:block_full/stairs/quartz_stairs", "uvlock": true, "y": 90 } },
    { "when": { "facing": "north", "half":"bottom", "shape":"straight" }, "apply": { "model": "minecraft:block_full/stairs/quartz_stairs", "uvlock": true, "y": 270 } },
    
    { "when": { "facing": "west", "half":"bottom", "shape":"outer_right" }, "apply": { "model": "minecraft:block_full/stairs/quartz_outer_stairs", "uvlock": true, "y": 180 } },
    { "when": { "facing": "east", "half":"bottom", "shape":"outer_right" }, "apply": { "model": "minecraft:block_full/stairs/quartz_outer_stairs", "uvlock": true } },
    { "when": { "facing": "south", "half":"bottom", "shape":"outer_right" }, "apply": { "model": "minecraft:block_full/stairs/quartz_outer_stairs", "uvlock": true, "y": 90 } },
    { "when": { "facing": "north", "half":"bottom", "shape":"outer_right" }, "apply": { "model": "minecraft:block_full/stairs/quartz_outer_stairs", "uvlock": true, "y": 270 } },
    
    { "when": { "facing": "west", "half":"bottom", "shape":"outer_left" }, "apply": { "model": "minecraft:block_full/stairs/quartz_outer_stairs", "uvlock": true, "y": 90 } },
    { "when": { "facing": "east", "half":"bottom", "shape":"outer_left" }, "apply": { "model": "minecraft:block_full/stairs/quartz_outer_stairs", "uvlock": true, "y": 270 } },
    { "when": { "facing": "south", "half":"bottom", "shape":"outer_left" }, "apply": { "model": "minecraft:block_full/stairs/quartz_outer_stairs", "uvlock": true } },
    { "when": { "facing": "north", "half":"bottom", "shape":"outer_left" }, "apply": { "model": "minecraft:block_full/stairs/quartz_outer_stairs", "uvlock": true, "y": 180 } },
    
    { "when": { "facing": "west", "half":"bottom", "shape":"inner_right" }, "apply": { "model": "minecraft:block_full/stairs/quartz_inner_stairs", "uvlock": true, "y": 180 } },
    { "when": { "facing": "east", "half":"bottom", "shape":"inner_right" }, "apply": { "model": "minecraft:block_full/stairs/quartz_inner_stairs", "uvlock": true } },
    { "when": { "facing": "south", "half":"bottom", "shape":"inner_right" }, "apply": { "model": "minecraft:block_full/stairs/quartz_inner_stairs", "uvlock": true, "y": 90 } },
    { "when": { "facing": "north", "half":"bottom", "shape":"inner_right" }, "apply": { "model": "minecraft:block_full/stairs/quartz_inner_stairs", "uvlock": true, "y": 270 } },
    
    { "when": { "facing": "east", "half":"bottom", "shape":"inner_left" }, "apply": { "model": "minecraft:block_full/stairs/quartz_inner_stairs", "uvlock": true, "y": 270 } },
    { "when": { "facing": "west", "half":"bottom", "shape":"inner_left" }, "apply": { "model": "minecraft:block_full/stairs/quartz_inner_stairs", "uvlock": true, "y": 90 } },
    { "when": { "facing": "south", "half":"bottom", "shape":"inner_left" }, "apply": { "model": "minecraft:block_full/stairs/quartz_inner_stairs", "uvlock": true } },
    { "when": { "facing": "north", "half":"bottom", "shape":"inner_left" }, "apply": { "model": "minecraft:block_full/stairs/quartz_inner_stairs", "uvlock": true, "y": 180 } },
    
    { "when": { "facing": "east", "half":"top", "shape":"straight" }, "apply": { "model": "minecraft:block_full/stairs/quartz_stairs", "uvlock": true, "x": 180 } },
    { "when": { "facing": "west", "half":"top", "shape":"straight" }, "apply": { "model": "minecraft:block_full/stairs/quartz_stairs", "uvlock": true, "x": 180, "y": 180 } },
    { "when": { "facing": "south", "half":"top", "shape":"straight" }, "apply": { "model": "minecraft:block_full/stairs/quartz_stairs", "uvlock": true, "x": 180, "y": 90 } },
    { "when": { "facing": "north", "half":"top", "shape":"straight" }, "apply": { "model": "minecraft:block_full/stairs/quartz_stairs", "uvlock": true, "x": 180, "y": 270 } },
    
    { "when": { "facing": "east", "half":"top", "shape":"outer_right" }, "apply": { "model": "minecraft:block_full/stairs/quartz_outer_stairs", "uvlock": true, "x": 180, "y": 90 } },
    { "when": { "facing": "west", "half":"top", "shape":"outer_right" }, "apply": { "model": "minecraft:block_full/stairs/quartz_outer_stairs", "uvlock": true, "x": 180, "y": 270 } },
    { "when": { "facing": "south", "half":"top", "shape":"outer_right" }, "apply": { "model": "minecraft:block_full/stairs/quartz_outer_stairs", "uvlock": true, "x": 180, "y": 180 } },
    { "when": { "facing": "north", "half":"top", "shape":"outer_right" }, "apply": { "model": "minecraft:block_full/stairs/quartz_outer_stairs", "uvlock": true, "x": 180 } },
    
    { "when": { "facing": "east", "half":"top", "shape":"outer_left" }, "apply": { "model": "minecraft:block_full/stairs/quartz_outer_stairs", "uvlock": true, "x": 180 } },
    { "when": { "facing": "west", "half":"top", "shape":"outer_left" }, "apply": { "model": "minecraft:block_full/stairs/quartz_outer_stairs", "uvlock": true, "x": 180, "y": 180 } },
    { "when": { "facing": "south", "half":"top", "shape":"outer_left" }, "apply": { "model": "minecraft:block_full/stairs/quartz_outer_stairs", "uvlock": true, "x": 180, "y": 90 } },
    { "when": { "facing": "north", "half":"top", "shape":"outer_left" }, "apply": { "model": "minecraft:block_full/stairs/quartz_outer_stairs", "uvlock": true, "x": 180, "y": 270 } },
    
    { "when": { "facing": "east", "half":"top", "shape":"inner_right" }, "apply": { "model": "minecraft:block_full/stairs/quartz_inner_stairs", "uvlock": true, "x": 180, "y": 90 } },
    { "when": { "facing": "west", "half":"top", "shape":"inner_right" }, "apply": { "model": "minecraft:block_full/stairs/quartz_inner_stairs", "uvlock": true, "x": 180, "y": 270 } },
    { "when": { "facing": "south", "half":"top", "shape":"inner_right" }, "apply": { "model": "minecraft:block_full/stairs/quartz_inner_stairs", "uvlock": true, "x": 180, "y": 180 } },
    { "when": { "facing": "north", "half":"top", "shape":"inner_right" }, "apply": { "model": "minecraft:block_full/stairs/quartz_inner_stairs", "uvlock": true, "x": 180 } },
    
    { "when": { "facing": "east", "half":"top", "shape":"inner_left" }, "apply": { "model": "minecraft:block_full/stairs/quartz_inner_stairs", "uvlock": true, "x": 180 } },
    { "when": { "facing": "west", "half":"top", "shape":"inner_left" }, "apply": { "model": "minecraft:block_full/stairs/quartz_inner_stairs", "uvlock": true, "x": 180, "y": 180 } },
    { "when": { "facing": "south", "half":"top", "shape":"inner_left" }, "apply": { "model": "minecraft:block_full/stairs/quartz_inner_stairs", "uvlock": true, "x": 180, "y": 90 } },
    { "when": { "facing": "north", "half":"top", "shape":"inner_left" }, "apply": { "model": "minecraft:block_full/stairs/quartz_inner_stairs", "uvlock": true, "x": 180, "y": 270 } }
  ]
}