{
    "__comment": "Fair warning, this format is highly likely to change even more in the future!",
    "variants": {
        "none": { "model": "r_bars_o" },
        "n": { "model": "r_bars_i", "y": 180 },
        "e": { "model": "r_bars_i", "y": -90 },
        "s": { "model": "r_bars_i" },
        "w": { "model": "r_bars_i", "y": 90 },
        "ne": { "model": "r_bars_J", "y": -90 },
        "es": { "model": "r_bars_J" },
        "sw": { "model": "r_bars_J", "y": 90 },
        "nw": { "model": "r_bars_J", "y": 180 },
        "ns": { "model": "r_bars_I" },
        "ew": { "model": "r_bars_I", "y": 90 },
        "nse": { "model": "r_bars_T" },
        "sew": { "model": "r_bars_T", "y": 90 },
        "swn": { "model": "r_bars_T", "y": 180 },
        "new": { "model": "r_bars_T", "y": 270 },
        "nsew": { "model": "r_bars_+" }
    }
}
