{
	"credit": "Made with Blockbench",
	"textures": {
		"2": "minecraft:block/ancient_debris_top",
		"particle": "minecraft:block/ancient_debris_top"
	},
	"elements": [
		{
			"from": [0, 15, 1],
			"to": [1, 16, 15],
			"shade": false,
			"faces": {
				"east": {"uv": [1, 0, 15, 1], "texture": "#2", "cullface": "up"},
				"west": {"uv": [1, 0, 15, 1], "texture": "#2", "cullface": "west"},
				"up": {"uv": [0, 1, 1, 15], "texture": "#2", "cullface": "up"},
				"down": {"uv": [0, 1, 1, 15], "texture": "#2", "cullface": "west"}
			}
		},
		{
			"from": [0, 0, 1],
			"to": [1, 1, 15],
			"shade": false,
			"faces": {
				"east": {"uv": [1, 15, 15, 16], "texture": "#2", "cullface": "down"},
				"west": {"uv": [1, 15, 15, 16], "texture": "#2", "cullface": "west"},
				"up": {"uv": [0, 1, 1, 15], "texture": "#2", "cullface": "west"},
				"down": {"uv": [0, 1, 1, 15], "texture": "#2", "cullface": "down"}
			}
		},
		{
			"from": [15, 15, 1],
			"to": [16, 16, 15],
			"shade": false,
			"faces": {
				"east": {"uv": [1, 0, 15, 1], "texture": "#2", "cullface": "east"},
				"west": {"uv": [1, 0, 15, 1], "texture": "#2", "cullface": "up"},
				"up": {"uv": [15, 1, 16, 15], "texture": "#2", "cullface": "up"},
				"down": {"uv": [15, 1, 16, 15], "texture": "#2", "cullface": "east"}
			}
		},
		{
			"from": [15, 0, 1],
			"to": [16, 1, 15],
			"shade": false,
			"faces": {
				"east": {"uv": [1, 15, 15, 16], "texture": "#2", "cullface": "east"},
				"west": {"uv": [1, 15, 15, 16], "texture": "#2", "cullface": "down"},
				"up": {"uv": [15, 1, 16, 15], "texture": "#2", "cullface": "east"},
				"down": {"uv": [15, 1, 16, 15], "texture": "#2", "cullface": "down"}
			}
		},
		{
			"from": [0, 0, 0],
			"to": [16, 1, 1],
			"shade": false,
			"faces": {
				"north": {"uv": [0, 15, 16, 16], "texture": "#2", "cullface": "north"},
				"east": {"uv": [15, 15, 16, 16], "texture": "#2", "cullface": "east"},
				"south": {"uv": [0, 15, 16, 16], "texture": "#2", "cullface": "down"},
				"west": {"uv": [0, 15, 1, 16], "texture": "#2", "cullface": "west"},
				"up": {"uv": [0, 0, 16, 1], "texture": "#2", "cullface": "north"},
				"down": {"uv": [0, 15, 16, 16], "texture": "#2", "cullface": "down"}
			}
		},
		{
			"from": [0, 15, 0],
			"to": [16, 16, 1],
			"shade": false,
			"faces": {
				"north": {"uv": [0, 0, 16, 1], "texture": "#2", "cullface": "north"},
				"east": {"uv": [15, 0, 16, 1], "texture": "#2", "cullface": "east"},
				"south": {"uv": [0, 0, 16, 1], "texture": "#2", "cullface": "up"},
				"west": {"uv": [0, 0, 1, 1], "texture": "#2", "cullface": "west"},
				"up": {"uv": [0, 0, 16, 1], "texture": "#2", "cullface": "up"},
				"down": {"uv": [0, 15, 16, 16], "texture": "#2", "cullface": "north"}
			}
		},
		{
			"from": [0, 15, 15],
			"to": [16, 16, 16],
			"shade": false,
			"faces": {
				"north": {"uv": [0, 0, 16, 1], "texture": "#2", "cullface": "up"},
				"east": {"uv": [0, 0, 1, 1], "texture": "#2", "cullface": "east"},
				"south": {"uv": [0, 0, 16, 1], "texture": "#2", "cullface": "south"},
				"west": {"uv": [15, 0, 16, 1], "texture": "#2", "cullface": "west"},
				"up": {"uv": [0, 15, 16, 16], "texture": "#2", "cullface": "up"},
				"down": {"uv": [0, 0, 16, 1], "texture": "#2", "cullface": "south"}
			}
		},
		{
			"from": [0, 0, 15],
			"to": [16, 1, 16],
			"shade": false,
			"faces": {
				"north": {"uv": [0, 15, 16, 16], "texture": "#2", "cullface": "down"},
				"east": {"uv": [0, 15, 1, 16], "texture": "#2", "cullface": "east"},
				"south": {"uv": [0, 15, 16, 16], "texture": "#2", "cullface": "south"},
				"west": {"uv": [15, 15, 16, 16], "texture": "#2", "cullface": "west"},
				"up": {"uv": [0, 15, 16, 16], "texture": "#2", "cullface": "south"},
				"down": {"uv": [0, 0, 16, 1], "texture": "#2", "cullface": "down"}
			}
		},
		{
			"from": [0, 1, 15],
			"to": [1, 15, 16],
			"faces": {
				"north": {"uv": [15, 1, 16, 15], "texture": "#2", "cullface": "west"},
				"east": {"uv": [0, 1, 1, 15], "texture": "#2", "cullface": "south"},
				"south": {"uv": [0, 1, 1, 15], "texture": "#2", "cullface": "south"},
				"west": {"uv": [15, 1, 16, 15], "texture": "#2", "cullface": "west"}
			}
		},
		{
			"from": [15, 1, 15],
			"to": [16, 15, 16],
			"faces": {
				"north": {"uv": [0, 1, 1, 15], "texture": "#2", "cullface": "east"},
				"east": {"uv": [0, 1, 1, 15], "texture": "#2", "cullface": "east"},
				"south": {"uv": [15, 1, 16, 15], "texture": "#2", "cullface": "south"},
				"west": {"uv": [15, 1, 16, 15], "texture": "#2", "cullface": "south"}
			}
		},
		{
			"from": [15, 1, 0],
			"to": [16, 15, 1],
			"faces": {
				"north": {"uv": [0, 1, 1, 15], "texture": "#2", "cullface": "north"},
				"east": {"uv": [15, 1, 16, 15], "texture": "#2", "cullface": "east"},
				"south": {"uv": [15, 1, 16, 15], "texture": "#2", "cullface": "east"},
				"west": {"uv": [0, 1, 1, 15], "texture": "#2", "cullface": "north"}
			}
		},
		{
			"from": [0, 1, 0],
			"to": [1, 15, 1],
			"faces": {
				"north": {"uv": [15, 1, 16, 15], "texture": "#2", "cullface": "north"},
				"east": {"uv": [15, 1, 16, 15], "texture": "#2", "cullface": "north"},
				"south": {"uv": [0, 1, 1, 15], "texture": "#2", "cullface": "west"},
				"west": {"uv": [0, 1, 1, 15], "texture": "#2", "cullface": "west"}
			}
		},
		{
			"from": [3, 3, 3],
			"to": [13, 13, 13],
			"faces": {
				"north": {"uv": [3, 3, 13, 13], "texture": "#2", "cullface": "north"},
				"east": {"uv": [3, 3, 13, 13], "texture": "#2", "cullface": "east"},
				"south": {"uv": [3, 3, 13, 13], "texture": "#2", "cullface": "south"},
				"west": {"uv": [3, 3, 13, 13], "texture": "#2", "cullface": "west"},
				"up": {"uv": [3, 3, 13, 13], "texture": "#2", "cullface": "up"},
				"down": {"uv": [3, 3, 13, 13], "texture": "#2", "cullface": "down"}
			}
		},
		{
			"from": [1, 12, 4],
			"to": [4, 15, 12],
			"rotation": {"angle": 0, "axis": "y", "origin": [8, 16, 8]},
			"faces": {
				"east": {"uv": [4, 1, 12, 4], "texture": "#2", "cullface": "up"},
				"west": {"uv": [4, 1, 12, 4], "texture": "#2", "cullface": "west"},
				"up": {"uv": [1, 4, 4, 12], "texture": "#2", "cullface": "up"},
				"down": {"uv": [1, 4, 4, 12], "texture": "#2", "cullface": "west"}
			}
		},
		{
			"from": [1, 1, 4],
			"to": [4, 4, 12],
			"rotation": {"angle": 0, "axis": "y", "origin": [8, 5, 8]},
			"faces": {
				"east": {"uv": [4, 12, 12, 15], "texture": "#2", "cullface": "down"},
				"west": {"uv": [4, 12, 12, 15], "texture": "#2", "cullface": "west"},
				"up": {"uv": [1, 4, 4, 12], "texture": "#2", "cullface": "west"},
				"down": {"uv": [1, 4, 4, 12], "texture": "#2", "cullface": "down"}
			}
		},
		{
			"from": [12, 12, 4],
			"to": [15, 15, 12],
			"rotation": {"angle": 0, "axis": "y", "origin": [8, 16, 8]},
			"faces": {
				"east": {"uv": [4, 1, 12, 4], "texture": "#2", "cullface": "east"},
				"west": {"uv": [4, 1, 12, 4], "texture": "#2", "cullface": "up"},
				"up": {"uv": [12, 4, 15, 12], "texture": "#2", "cullface": "up"},
				"down": {"uv": [12, 4, 15, 12], "texture": "#2", "cullface": "east"}
			}
		},
		{
			"from": [12, 1, 4],
			"to": [15, 4, 12],
			"rotation": {"angle": 0, "axis": "y", "origin": [8, 5, 8]},
			"faces": {
				"east": {"uv": [4, 12, 12, 15], "texture": "#2", "cullface": "east"},
				"west": {"uv": [4, 12, 12, 15], "texture": "#2", "cullface": "down"},
				"up": {"uv": [12, 4, 15, 12], "texture": "#2", "cullface": "east"},
				"down": {"uv": [12, 4, 15, 12], "texture": "#2", "cullface": "down"}
			}
		},
		{
			"from": [1, 1, 12],
			"to": [4, 15, 15],
			"faces": {
				"north": {"uv": [12, 1, 15, 15], "texture": "#2", "cullface": "west"},
				"east": {"uv": [1, 1, 4, 15], "texture": "#2", "cullface": "south"},
				"south": {"uv": [1, 1, 4, 15], "texture": "#2", "cullface": "south"},
				"west": {"uv": [12, 1, 15, 15], "texture": "#2", "cullface": "west"},
				"up": {"uv": [1, 12, 4, 15], "texture": "#2", "cullface": "up"},
				"down": {"uv": [1, 1, 4, 4], "texture": "#2", "cullface": "down"}
			}
		},
		{
			"from": [1, 1, 1],
			"to": [4, 15, 4],
			"rotation": {"angle": 0, "axis": "y", "origin": [8, 8, -3]},
			"faces": {
				"north": {"uv": [12, 1, 15, 15], "texture": "#2", "cullface": "north"},
				"east": {"uv": [12, 1, 15, 15], "texture": "#2", "cullface": "north"},
				"south": {"uv": [1, 1, 4, 15], "texture": "#2", "cullface": "west"},
				"west": {"uv": [1, 1, 4, 15], "texture": "#2", "cullface": "west"},
				"up": {"uv": [1, 1, 4, 4], "texture": "#2", "cullface": "up"},
				"down": {"uv": [1, 12, 4, 15], "texture": "#2", "cullface": "down"}
			}
		},
		{
			"from": [12, 1, 12],
			"to": [15, 15, 15],
			"faces": {
				"north": {"uv": [1, 1, 4, 15], "texture": "#2", "cullface": "east"},
				"east": {"uv": [1, 1, 4, 15], "texture": "#2", "cullface": "east"},
				"south": {"uv": [12, 1, 15, 15], "texture": "#2", "cullface": "south"},
				"west": {"uv": [12, 1, 15, 15], "texture": "#2", "cullface": "south"},
				"up": {"uv": [12, 12, 15, 15], "texture": "#2", "cullface": "up"},
				"down": {"uv": [12, 1, 15, 4], "texture": "#2", "cullface": "down"}
			}
		},
		{
			"from": [12, 1, 1],
			"to": [15, 15, 4],
			"rotation": {"angle": 0, "axis": "y", "origin": [8, 8, -3]},
			"faces": {
				"north": {"uv": [1, 1, 4, 15], "texture": "#2", "cullface": "north"},
				"east": {"uv": [12, 1, 15, 15], "texture": "#2", "cullface": "east"},
				"south": {"uv": [12, 1, 15, 15], "texture": "#2", "cullface": "east"},
				"west": {"uv": [1, 1, 4, 15], "texture": "#2", "cullface": "north"},
				"up": {"uv": [12, 1, 15, 4], "texture": "#2", "cullface": "up"},
				"down": {"uv": [12, 12, 15, 15], "texture": "#2", "cullface": "down"}
			}
		},
		{
			"from": [4, 12, 1],
			"to": [12, 15, 4],
			"rotation": {"angle": 0, "axis": "y", "origin": [8, 16, 8]},
			"faces": {
				"north": {"uv": [4, 1, 12, 4], "texture": "#2", "cullface": "north"},
				"south": {"uv": [4, 1, 12, 4], "texture": "#2", "cullface": "up"},
				"up": {"uv": [4, 1, 12, 4], "texture": "#2", "cullface": "up"},
				"down": {"uv": [4, 12, 12, 15], "texture": "#2", "cullface": "north"}
			}
		},
		{
			"from": [4, 1, 1],
			"to": [12, 4, 4],
			"rotation": {"angle": 0, "axis": "y", "origin": [8, 5, 8]},
			"faces": {
				"north": {"uv": [4, 12, 12, 15], "texture": "#2", "cullface": "north"},
				"south": {"uv": [4, 12, 12, 15], "texture": "#2", "cullface": "down"},
				"up": {"uv": [4, 1, 12, 4], "texture": "#2", "cullface": "north"},
				"down": {"uv": [4, 12, 12, 15], "texture": "#2", "cullface": "down"}
			}
		},
		{
			"from": [4, 12, 12],
			"to": [12, 15, 15],
			"rotation": {"angle": 0, "axis": "y", "origin": [8, 16, 8]},
			"faces": {
				"north": {"uv": [4, 1, 12, 4], "texture": "#2", "cullface": "up"},
				"south": {"uv": [4, 1, 12, 4], "texture": "#2", "cullface": "south"},
				"up": {"uv": [4, 12, 12, 15], "texture": "#2", "cullface": "up"},
				"down": {"uv": [4, 1, 12, 4], "texture": "#2", "cullface": "south"}
			}
		},
		{
			"from": [4, 1, 12],
			"to": [12, 4, 15],
			"rotation": {"angle": 0, "axis": "y", "origin": [8, 5, 8]},
			"faces": {
				"north": {"uv": [4, 12, 12, 15], "texture": "#2", "cullface": "down"},
				"south": {"uv": [4, 12, 12, 15], "texture": "#2", "cullface": "south"},
				"up": {"uv": [4, 12, 12, 15], "texture": "#2", "cullface": "south"},
				"down": {"uv": [4, 1, 12, 4], "texture": "#2", "cullface": "down"}
			}
		},
		{
			"from": [6, 6, 0],
			"to": [10, 10, 16],
			"rotation": {"angle": 0, "axis": "y", "origin": [8, 16, 8]},
			"faces": {
				"north": {"uv": [6, 6, 10, 10], "texture": "#2", "cullface": "north"},
				"east": {"uv": [0, 6, 16, 10], "texture": "#2"},
				"south": {"uv": [6, 6, 10, 10], "texture": "#2", "cullface": "south"},
				"west": {"uv": [0, 6, 16, 10], "texture": "#2"},
				"up": {"uv": [6, 0, 10, 16], "texture": "#2"},
				"down": {"uv": [6, 0, 10, 16], "texture": "#2"}
			}
		},
		{
			"from": [0, 6, 6],
			"to": [16, 10, 10],
			"rotation": {"angle": 0, "axis": "y", "origin": [8, 16, 8]},
			"faces": {
				"north": {"uv": [0, 6, 16, 10], "texture": "#2"},
				"east": {"uv": [6, 6, 10, 10], "texture": "#2", "cullface": "east"},
				"south": {"uv": [0, 6, 16, 10], "texture": "#2"},
				"west": {"uv": [6, 6, 10, 10], "texture": "#2", "cullface": "west"},
				"up": {"uv": [0, 6, 16, 10], "texture": "#2"},
				"down": {"uv": [0, 6, 16, 10], "texture": "#2"}
			}
		},
		{
			"from": [6, 0, 6],
			"to": [10, 16, 10],
			"rotation": {"angle": 0, "axis": "z", "origin": [0, 8, 8]},
			"faces": {
				"north": {"uv": [6, 0, 10, 16], "texture": "#2"},
				"east": {"uv": [6, 0, 10, 16], "texture": "#2"},
				"south": {"uv": [6, 0, 10, 16], "texture": "#2"},
				"west": {"uv": [6, 0, 10, 16], "texture": "#2"},
				"up": {"uv": [6, 6, 10, 10], "texture": "#2", "cullface": "up"},
				"down": {"uv": [6, 6, 10, 10], "texture": "#2", "cullface": "down"}
			}
		}
	]
}