{
	"credit": "Made with Blockbench",
	"textures": {
		"particle": "minecraft:block/bell_bottom",
		"bottom": "minecraft:block/bell_bottom",
		"side": "minecraft:block/bell_side",
		"top": "minecraft:block/bell_top",
		"bar": "minecraft:block/dark_oak_planks"
	},
	"elements": [
		{
			"from": [7, 13, 7],
			"to": [9, 16, 9],
			"faces": {
				"north": {"uv": [5.5, 6, 9.5, 12], "texture": "#bar"},
				"east": {"uv": [6, 6, 10, 12], "texture": "#bar"},
				"south": {"uv": [5.5, 6, 9.5, 12], "texture": "#bar"},
				"west": {"uv": [5.5, 6, 9.5, 12], "texture": "#bar"},
				"up": {"uv": [5.5, 6.5, 9.5, 10.5], "texture": "#bar"}
			}
		},
		{
			"from": [5, 6, 5],
			"to": [11, 13, 11],
			"faces": {
				"north": {"uv": [1, 0, 7, 7], "texture": "#side"},
				"east": {"uv": [1, 0, 7, 7], "texture": "#side"},
				"south": {"uv": [1, 0, 7, 7], "texture": "#side"},
				"west": {"uv": [1, 0, 7, 7], "texture": "#side"},
				"up": {"uv": [0, 0, 8, 8], "texture": "#top"}
			}
		},
		{
			"from": [4, 4, 4],
			"to": [12, 6, 12],
			"faces": {
				"north": {"uv": [0, 7, 8, 9], "texture": "#side"},
				"east": {"uv": [0, 7, 8, 9], "texture": "#side"},
				"south": {"uv": [0, 7, 8, 9], "texture": "#side"},
				"west": {"uv": [0, 7, 8, 9], "texture": "#side"},
				"up": {"uv": [0, 0, 8, 8], "texture": "#top"},
				"down": {"uv": [0, 0, 8, 8], "texture": "#bottom"}
			}
		}
	]
}