{
	"credit": "Made with Blockbench",
	"parent": "minecraft:block/block",
	"textures": {
		"top": "minecraft:block/composter_top",
		"bottom": "minecraft:block/composter_bottom",
		"particle": "minecraft:block/composter_side",
		"side": "minecraft:block/composter_side"
	},
	"elements": [
		{
			"from": [0, 0, 0],
			"to": [16, 2, 16],
			"faces": {
				"north": {"uv": [0, 14, 16, 16], "texture": "#side"},
				"east": {"uv": [0, 14, 16, 16], "texture": "#side"},
				"south": {"uv": [0, 14, 16, 16], "texture": "#side"},
				"west": {"uv": [0, 14, 16, 16], "texture": "#side"},
				"up": {"uv": [0, 0, 16, 16], "texture": "#top"},
				"down": {"uv": [0, 0, 16, 16], "texture": "#bottom"}
			}
		},
		{
			"from": [0, 2, 14],
			"to": [2, 16, 16],
			"faces": {
				"north": {"uv": [14, 0, 16, 14], "texture": "#top"},
				"east": {"uv": [0, 0, 2, 14], "texture": "#top"},
				"south": {"uv": [0, 0, 2, 14], "texture": "#side"},
				"west": {"uv": [14, 0, 16, 14], "texture": "#side"},
				"up": {"uv": [0, 14, 2, 16], "texture": "#bottom"}
			}
		},
		{
			"from": [14, 2, 0],
			"to": [16, 16, 2],
			"faces": {
				"north": {"uv": [0, 0, 2, 14], "texture": "#side"},
				"east": {"uv": [14, 0, 16, 14], "texture": "#side"},
				"south": {"uv": [14, 0, 16, 14], "texture": "#top"},
				"west": {"uv": [0, 0, 2, 14], "texture": "#top"},
				"up": {"uv": [14, 0, 16, 2], "texture": "#bottom"}
			}
		},
		{
			"from": [0, 2, 0],
			"to": [2, 16, 2],
			"faces": {
				"north": {"uv": [14, 0, 16, 14], "texture": "#side"},
				"east": {"uv": [14, 0, 16, 14], "texture": "#top"},
				"south": {"uv": [0, 0, 2, 14], "texture": "#top"},
				"west": {"uv": [0, 0, 2, 14], "texture": "#side"},
				"up": {"uv": [0, 0, 2, 2], "texture": "#bottom"}
			}
		},
		{
			"from": [14, 2, 14],
			"to": [16, 16, 16],
			"faces": {
				"north": {"uv": [0, 0, 2, 14], "texture": "#top"},
				"east": {"uv": [0, 0, 2, 14], "texture": "#side"},
				"south": {"uv": [14, 0, 16, 14], "texture": "#side"},
				"west": {"uv": [14, 0, 16, 14], "texture": "#top"},
				"up": {"uv": [14, 14, 16, 16], "texture": "#bottom"}
			}
		},
		{
			"from": [2, 14, 14],
			"to": [14, 16, 16],
			"faces": {
				"north": {"uv": [2, 0, 14, 2], "texture": "#top"},
				"south": {"uv": [2, 0, 14, 2], "texture": "#side"},
				"up": {"uv": [2, 14, 14, 16], "texture": "#bottom"},
				"down": {"uv": [2, 0, 14, 2], "texture": "#top"}
			}
		},
		{
			"from": [14, 14, 2],
			"to": [16, 16, 14],
			"faces": {
				"east": {"uv": [2, 0, 14, 2], "texture": "#side"},
				"west": {"uv": [2, 0, 14, 2], "texture": "#top"},
				"up": {"uv": [14, 2, 16, 14], "texture": "#bottom"},
				"down": {"uv": [14, 2, 16, 14], "texture": "#top"}
			}
		},
		{
			"from": [2, 14, 0],
			"to": [14, 16, 2],
			"faces": {
				"north": {"uv": [2, 0, 14, 2], "texture": "#side"},
				"south": {"uv": [2, 0, 14, 2], "texture": "#top"},
				"up": {"uv": [2, 0, 14, 2], "texture": "#bottom"},
				"down": {"uv": [2, 14, 14, 16], "texture": "#top"}
			}
		},
		{
			"from": [0, 14, 2],
			"to": [2, 16, 14],
			"faces": {
				"east": {"uv": [2, 0, 14, 2], "texture": "#top"},
				"west": {"uv": [2, 0, 14, 2], "texture": "#side"},
				"up": {"uv": [0, 2, 2, 14], "texture": "#bottom"},
				"down": {"uv": [0, 2, 2, 14], "texture": "#top"}
			}
		},
		{
			"name": "planche",
			"from": [0.5, 10, 2],
			"to": [1.5, 13, 14],
			"faces": {
				"east": {"uv": [2, 3, 14, 6], "texture": "#side"},
				"west": {"uv": [2, 3, 14, 6], "texture": "#side"},
				"up": {"uv": [1.5, 2, 2.5, 14], "texture": "#bottom"},
				"down": {"uv": [0.5, 2, 1.5, 14], "texture": "#top"}
			}
		},
		{
			"name": "planche",
			"from": [0.5, 6.5, 2],
			"to": [1.5, 9, 14],
			"faces": {
				"east": {"uv": [2, 7, 14, 9.5], "texture": "#side"},
				"west": {"uv": [2, 7, 14, 9.5], "texture": "#side"},
				"up": {"uv": [1.5, 2, 2.5, 14], "texture": "#bottom"},
				"down": {"uv": [0.5, 2, 1.5, 14], "texture": "#top"}
			}
		},
		{
			"name": "planche",
			"from": [0.5, 3, 2],
			"to": [1.5, 6, 14],
			"faces": {
				"east": {"uv": [2, 10, 14, 13], "texture": "#side"},
				"west": {"uv": [2, 10, 14, 13], "texture": "#side"},
				"up": {"uv": [1.5, 2, 2.5, 14], "texture": "#bottom"},
				"down": {"uv": [0.5, 2, 1.5, 14], "texture": "#top"}
			}
		},
		{
			"name": "planche",
			"from": [14.5, 10, 2],
			"to": [15.5, 13, 14],
			"faces": {
				"east": {"uv": [2, 3, 14, 6], "texture": "#side"},
				"west": {"uv": [2, 3, 14, 6], "texture": "#side"},
				"up": {"uv": [1.5, 2, 2.5, 14], "texture": "#bottom"},
				"down": {"uv": [0.5, 2, 1.5, 14], "texture": "#top"}
			}
		},
		{
			"name": "planche",
			"from": [14.5, 7, 2],
			"to": [15.5, 9.5, 14],
			"faces": {
				"east": {"uv": [2, 7, 14, 9.5], "texture": "#side"},
				"west": {"uv": [2, 7, 14, 9.5], "texture": "#side"},
				"up": {"uv": [1.5, 2, 2.5, 14], "texture": "#bottom"},
				"down": {"uv": [0.5, 2, 1.5, 14], "texture": "#top"}
			}
		},
		{
			"name": "planche",
			"from": [14.5, 3, 2],
			"to": [15.5, 6, 14],
			"faces": {
				"east": {"uv": [2, 10, 14, 13], "texture": "#side"},
				"west": {"uv": [2, 10, 14, 13], "texture": "#side"},
				"up": {"uv": [1.5, 2, 2.5, 14], "texture": "#bottom"},
				"down": {"uv": [0.5, 2, 1.5, 14], "texture": "#top"}
			}
		},
		{
			"name": "planche",
			"from": [2, 10.5, 14.5],
			"to": [14, 13.5, 15.5],
			"faces": {
				"north": {"uv": [2, 3, 14, 6], "texture": "#side"},
				"south": {"uv": [2, 3, 14, 6], "texture": "#side"},
				"up": {"uv": [1.5, 2, 2.5, 14], "rotation": 90, "texture": "#top"},
				"down": {"uv": [0.5, 2, 1.5, 14], "rotation": 90, "texture": "#top"}
			}
		},
		{
			"name": "planche",
			"from": [2, 6.5, 14.5],
			"to": [14, 9, 15.5],
			"faces": {
				"north": {"uv": [2, 7, 14, 9.5], "texture": "#side"},
				"south": {"uv": [2, 7, 14, 9.5], "texture": "#side"},
				"up": {"uv": [1.5, 2, 2.5, 14], "rotation": 90, "texture": "#bottom"},
				"down": {"uv": [0.5, 2, 1.5, 14], "rotation": 90, "texture": "#top"}
			}
		},
		{
			"name": "planche",
			"from": [2, 2.5, 14.5],
			"to": [14, 5.5, 15.5],
			"faces": {
				"north": {"uv": [2, 10, 14, 13], "texture": "#side"},
				"south": {"uv": [2, 10, 14, 13], "texture": "#side"},
				"up": {"uv": [1.5, 2, 2.5, 14], "rotation": 90, "texture": "#bottom"},
				"down": {"uv": [0.5, 2, 1.5, 14], "rotation": 90, "texture": "#top"}
			}
		},
		{
			"name": "planche",
			"from": [2, 10, 0.5],
			"to": [14, 13, 1.5],
			"rotation": {"angle": 0, "axis": "x", "origin": [8, 11.5, 1]},
			"faces": {
				"north": {"uv": [2, 3, 14, 6], "texture": "#side"},
				"south": {"uv": [2, 3, 14, 6], "texture": "#side"},
				"up": {"uv": [1.5, 2, 2.5, 14], "rotation": 90, "texture": "#top"},
				"down": {"uv": [0.5, 2, 1.5, 14], "rotation": 90, "texture": "#top"}
			}
		},
		{
			"name": "planche",
			"from": [2, 6, 0.5],
			"to": [14, 8.5, 1.5],
			"faces": {
				"north": {"uv": [2, 7, 14, 9.5], "texture": "#side"},
				"south": {"uv": [2, 7, 14, 9.5], "texture": "#side"},
				"up": {"uv": [1.5, 2, 2.5, 14], "rotation": 90, "texture": "#bottom"},
				"down": {"uv": [0.5, 2, 1.5, 14], "rotation": 90, "texture": "#top"}
			}
		},
		{
			"name": "planche",
			"from": [2, 2, 0.5],
			"to": [14, 5, 1.5],
			"faces": {
				"north": {"uv": [2, 10, 14, 13], "texture": "#side"},
				"south": {"uv": [2, 10, 14, 13], "texture": "#side"},
				"up": {"uv": [1.5, 2, 2.5, 14], "rotation": 90, "texture": "#bottom"},
				"down": {"uv": [0.5, 2, 1.5, 14], "rotation": 90, "texture": "#top"}
			}
		},
		{
			"from": [0, 0, 0],
			"to": [16, 16, 0],
			"rotation": {"angle": 0, "axis": "y", "origin": [8, 8, 7.5]},
			"faces": {
				"south": {"uv": [0, 0, 16, 16], "texture": "#top"}
			}
		},
		{
			"from": [16, 0, 0],
			"to": [16, 16, 16],
			"rotation": {"angle": 0, "axis": "y", "origin": [8.5, 8, 8]},
			"faces": {
				"west": {"uv": [0, 0, 16, 16], "texture": "#top"}
			}
		},
		{
			"from": [0, 0, 0],
			"to": [0, 16, 16],
			"rotation": {"angle": 0, "axis": "y", "origin": [7.5, 8, 8]},
			"faces": {
				"east": {"uv": [0, 0, 16, 16], "texture": "#top"}
			}
		},
		{
			"from": [0, 0, 16],
			"to": [16, 16, 16],
			"rotation": {"angle": 0, "axis": "y", "origin": [8, 8, 8.5]},
			"faces": {
				"north": {"uv": [0, 0, 16, 16], "texture": "#top"}
			}
		}
	]
}