{
	"__comment": "by chengzzi89",
	"parent": "minecraft:block/block",
	"ambientocclusion": false,
	"textures": {
		"door_wood_lower": "minecraft:block/oak_door_bottom",
		"particle": "minecraft:block/oak_door_bottom"
	},
	"elements": [ 	 
		{
			"__comment": "Elem_0",
			"from": [ 0, 14, 3 ],
			"to": [ 3, 16, 13 ],
			"faces": {
				"down": { "uv": [ 13, 0, 3, 2 ], "texture": "#door_wood_lower", "rotation": 270 },
				"up": { "uv": [ 13, 3, 16, 13 ], "texture": "#door_wood_lower" },
				"north": { "uv": [ 0, 0, 3, 16 ], "texture": "#door_wood_lower", "rotation": 180 },
				"south": { "uv": [ 0, 0, 3, 16 ], "texture": "#door_wood_lower", "rotation": 180 },
				"west": { "uv": [ 13, 0, 3, 2 ], "texture": "#door_wood_lower" },
				"east": { "uv": [ 13, 0, 3, 2 ], "texture": "#door_wood_lower" }
			}
		},
		{
			"__comment": "Box7",
			"from": [ 0, 0, 3 ],
			"to": [ 3, 3, 13 ],
			"faces": {
				"down": { "uv": [ 0, 3, 3, 13 ], "texture": "#door_wood_lower" },
				"up": { "uv": [ 0, 3, 3, 13 ], "texture": "#door_wood_lower" },
				"north": { "uv": [ 13, 13, 16, 16 ], "texture": "#door_wood_lower" },
				"south": { "uv": [ 0, 13, 3, 16 ], "texture": "#door_wood_lower" },
				"west": { "uv": [ 3, 13, 13, 16 ], "texture": "#door_wood_lower" },
				"east": { "uv": [ 3, 13, 13, 16 ], "texture": "#door_wood_lower" }
			}
		},
		{
			"__comment": "Box8",
			"from": [ 0, 0, 13 ],
			"to": [ 3, 16, 16 ],
			"faces": {
				"down": { "uv": [ 0, 0, 3, 3 ], "texture": "#door_wood_lower" },
				"up": { "uv": [ 0, 13, 3, 16 ], "texture": "#door_wood_lower" },
				"north": { "uv": [ 13, 0, 16, 16 ], "texture": "#door_wood_lower" },
				"south": { "uv": [ 0, 0, 3, 16 ], "texture": "#door_wood_lower" },
				"west": { "uv": [ 13, 0, 16, 16 ], "texture": "#door_wood_lower" },
				"east": { "uv": [ 0, 0, 3, 16 ], "texture": "#door_wood_lower" }
			}
		},
		{
			"__comment": "Box8",
			"from": [ 0, 0, 0 ],
			"to": [ 3, 16, 3 ],
			"faces": {
				"down": { "uv": [ 0, 13, 3, 16 ], "texture": "#door_wood_lower" },
				"up": { "uv": [ 0, 0, 3, 3 ], "texture": "#door_wood_lower" },
				"north": { "uv": [ 13, 0, 16, 16 ], "texture": "#door_wood_lower" },
				"south": { "uv": [ 0, 0, 3, 16 ], "texture": "#door_wood_lower" },
				"west": { "uv": [ 0, 0, 3, 16 ], "texture": "#door_wood_lower" },
				"east": { "uv": [ 13, 0, 16, 16 ], "texture": "#door_wood_lower" }
			}
		},
		{
			"__comment": "Box10",
			"from": [ 1, 3, 3 ],
			"to": [ 2, 14, 13 ],
			"faces": {
				"down": { "uv": [ 3, 2, 4, 13 ], "texture": "#door_wood_lower" },
				"up": { "uv": [ 3, 2, 4, 13 ], "texture": "#door_wood_lower" },
				"north": { "uv": [ 12, 2, 13, 13 ], "texture": "#door_wood_lower" },
				"south": { "uv": [ 3, 2, 4, 13 ], "texture": "#door_wood_lower" },
				"west": { "uv": [ 3, 2, 13, 13 ], "texture": "#door_wood_lower" },
				"east": { "uv": [ 3, 2, 13, 13 ], "texture": "#door_wood_lower" }
			}
		},
		{
			"__comment": "Box11",
			"from": [ 2, 3, 12.5 ],
			"to": [ 2.5, 14, 13 ],
			"faces": {
				"down": { "uv": [ 3, 12.5, 3.5, 13 ], "texture": "#door_wood_lower" },
				"up": { "uv": [ 3, 12.5, 3.5, 13 ], "texture": "#door_wood_lower" },
				"north": { "uv": [ 15.5, 3, 16, 14 ], "texture": "#door_wood_lower" },
				"south": { "uv": [ 15.5, 3.5, 16, 14.5 ], "texture": "#door_wood_lower" },
				"west": { "uv": [ 12.5, 2, 13, 13 ], "texture": "#door_wood_lower" },
				"east": { "uv": [ 3, 2, 3.5, 13 ], "texture": "#door_wood_lower" }
			}
		},
		{
			"__comment": "Box12",
			"from": [ 2, 3, 10.5 ],
			"to": [ 2.5, 14, 12 ],
			"faces": {
				"down": { "uv": [ 2, 4, 2.5, 5.5 ], "texture": "#door_wood_lower" },
				"up": { "uv": [ 2, 10.5, 2.5, 12 ], "texture": "#door_wood_lower" },
				"north": { "uv": [ 12.5, 2, 13, 13 ], "texture": "#door_wood_lower" },
				"south": { "uv": [ 12.5, 2, 13, 13 ], "texture": "#door_wood_lower" },
				"west": { "uv": [ 10.5, 2, 12, 13 ], "texture": "#door_wood_lower" },
				"east": { "uv": [ 4, 2, 5.5, 13 ], "texture": "#door_wood_lower" }
			}
		},
		{
			"__comment": "Box13",
			"from": [ 2, 3, 7.5 ],
			"to": [ 2.5, 14, 10 ],
			"faces": {
				"down": { "uv": [ 2, 6, 2.5, 8.5 ], "texture": "#door_wood_lower" },
				"up": { "uv": [ 2, 7.5, 2.5, 10 ], "texture": "#door_wood_lower" },
				"north": { "uv": [ 12.5, 2, 13, 13 ], "texture": "#door_wood_lower" },
				"south": { "uv": [ 12.5, 2, 13, 13 ], "texture": "#door_wood_lower" },
				"west": { "uv": [ 7.5, 2, 10, 13 ], "texture": "#door_wood_lower" },
				"east": { "uv": [ 6, 2, 8.5, 13 ], "texture": "#door_wood_lower" }
			}
		},
		{
			"__comment": "Box14",
			"from": [ 2, 3, 5 ],
			"to": [ 2.5, 14, 7 ],
			"faces": {
				"down": { "uv": [ 2, 9, 2.5, 11 ], "texture": "#door_wood_lower" },
				"up": { "uv": [ 2, 5, 2.5, 7 ], "texture": "#door_wood_lower" },
				"north": { "uv": [ 12.5, 2, 13, 13 ], "texture": "#door_wood_lower" },
				"south": { "uv": [ 12.5, 2, 13, 13 ], "texture": "#door_wood_lower" },
				"west": { "uv": [ 5, 2, 7, 13 ], "texture": "#door_wood_lower" },
				"east": { "uv": [ 9, 2, 11, 13 ], "texture": "#door_wood_lower" }
			}
		},
		{
			"__comment": "Box15",
			"from": [ 2, 3, 3 ],
			"to": [ 2.5, 14, 4.5 ],
			"faces": {
				"down": { "uv": [ 2, 11.5, 2.5, 13 ], "texture": "#door_wood_lower" },
				"up": { "uv": [ 2, 3, 2.5, 4.5 ], "texture": "#door_wood_lower" },
				"north": { "uv": [ 12.5, 2, 13, 13 ], "texture": "#door_wood_lower" },
				"south": { "uv": [ 12.5, 2, 13, 13 ], "texture": "#door_wood_lower" },
				"west": { "uv": [ 3, 2, 4.5, 13 ], "texture": "#door_wood_lower" },
				"east": { "uv": [ 11.5, 2, 13, 13 ], "texture": "#door_wood_lower" }
			}
		},
		{
			"__comment": "Box11",
			"from": [ 0.5, 3, 3 ],
			"to": [ 1, 14, 3.5 ],
			"faces": {
				"down": { "uv": [ 3, 12, 3.5, 12.5 ], "texture": "#door_wood_lower" },
				"up": { "uv": [ 3, 12, 3.5, 12.5 ], "texture": "#door_wood_lower" },
				"north": { "uv": [ 15.5, 2, 16, 13 ], "texture": "#door_wood_lower" },
				"south": { "uv": [ 15.5, 3.5, 16, 14.5 ], "texture": "#door_wood_lower" },
				"west": { "uv": [ 3, 2, 3.5, 13 ], "texture": "#door_wood_lower" },
				"east": { "uv": [ 12.5, 2, 13, 13 ], "texture": "#door_wood_lower" }
			}
		},
		{
			"__comment": "Box12",
			"from": [ 0.5, 3, 4 ],
			"to": [ 1, 14, 5.5 ],
			"faces": {
				"down": { "uv": [ 0.5, 10.5, 1, 12 ], "texture": "#door_wood_lower" },
				"up": { "uv": [ 0.5, 4, 1, 5.5 ], "texture": "#door_wood_lower" },
				"north": { "uv": [ 15.5, 3.5, 16, 14.5 ], "texture": "#door_wood_lower" },
				"south": { "uv": [ 15.5, 3, 16, 14 ], "texture": "#door_wood_lower" },
				"west": { "uv": [ 4, 2, 5.5, 13 ], "texture": "#door_wood_lower" },
				"east": { "uv": [ 10.5, 2, 12, 13 ], "texture": "#door_wood_lower" }
			}
		},
		{
			"__comment": "Box13",
			"from": [ 0.5, 3, 6 ],
			"to": [ 1, 14, 8.5 ],
			"faces": {
				"down": { "uv": [ 0.5, 7.5, 1, 10 ], "texture": "#door_wood_lower" },
				"up": { "uv": [ 0.5, 6, 1, 8.5 ], "texture": "#door_wood_lower" },
				"north": { "uv": [ 15.5, 3, 16, 14 ], "texture": "#door_wood_lower" },
				"south": { "uv": [ 15.5, 3, 16, 14 ], "texture": "#door_wood_lower" },
				"west": { "uv": [ 6, 2, 8.5, 13 ], "texture": "#door_wood_lower" },
				"east": { "uv": [ 7.5, 2, 10, 13 ], "texture": "#door_wood_lower" }
			}
		},
		{
			"__comment": "Box14",
			"from": [ 0.5, 3, 9 ],
			"to": [ 1, 14, 11 ],
			"faces": {
				"down": { "uv": [ 0.5, 5, 1, 7 ], "texture": "#door_wood_lower" },
				"up": { "uv": [ 0.5, 9, 1, 11 ], "texture": "#door_wood_lower" },
				"north": { "uv": [ 15.5, 2.5, 16, 13.5 ], "texture": "#door_wood_lower" },
				"south": { "uv": [ 15.5, 4, 16, 15 ], "texture": "#door_wood_lower" },
				"west": { "uv": [ 9, 2, 11, 13 ], "texture": "#door_wood_lower" },
				"east": { "uv": [ 5, 2, 7, 13 ], "texture": "#door_wood_lower" }
			}
		},
		{
			"__comment": "Box15",
			"from": [ 0.5, 3, 11.5 ],
			"to": [ 1, 14, 13 ],
			"faces": {
				"down": { "uv": [ 0.5, 3, 1, 4.5 ], "texture": "#door_wood_lower" },
				"up": { "uv": [ 0.5, 11.5, 1, 13 ], "texture": "#door_wood_lower" },
				"north": { "uv": [ 15.5, 2, 16, 13 ], "texture": "#door_wood_lower" },
				"south": { "uv": [ 15.5, 3.5, 16, 14.5 ], "texture": "#door_wood_lower" },
				"west": { "uv": [ 11.5, 2, 13, 13 ], "texture": "#door_wood_lower" },
				"east": { "uv": [ 3, 2, 4.5, 13 ], "texture": "#door_wood_lower" }
			}
		}
	]
}