{
	"credit": "Made with Blockbench",
	"ambientocclusion": false,
	"textures": {
		"3_1": "block/detector_rail",
		"particle": "block/detector_rail"
	},
	"elements": [
		{
			"name": "button",
			"from": [6, 0.5, 5.5],
			"to": [10, 2, 10.5],
			"faces": {
				"north": {"uv": [6, 9, 10, 10.5], "texture": "#3_1", "rotation": 180},
				"east": {"uv": [8.5, 5.5, 10, 10.5], "texture": "#3_1", "rotation": 270},
				"south": {"uv": [6, 5.5, 10, 7], "texture": "#3_1"},
				"west": {"uv": [6, 5.5, 7.5, 10.5], "texture": "#3_1", "rotation": 90},
				"up": {"uv": [6, 5.5, 10, 10.5], "texture": "#3_1"}
			}
		},
		{
			"name": "planck",
			"from": [1, 0, 6],
			"to": [15, 0.5, 10],
			"faces": {
				"up": {"uv": [1, 6, 15, 10], "texture": "#3_1"},
				"down": {"uv": [5.5, 1, 10, 4], "texture": "#3_1"}
			}
		},
		{
			"from": [15, 0, 5],
			"to": [16, 1, 11],
			"faces": {
				"north": {"uv": [15, 5, 16, 6], "texture": "#3_1"},
				"east": {"uv": [15, 10, 16, 11], "texture": "#3_1"},
				"south": {"uv": [15, 10, 16, 11], "texture": "#3_1"},
				"west": {"uv": [6, 10.5, 10.5, 11], "texture": "#3_1", "rotation": 90},
				"up": {"uv": [15, 5, 16, 11], "texture": "#3_1"},
				"down": {"uv": [15, 5, 16, 11], "texture": "#3_1"}
			}
		},
		{
			"from": [0, 0, 5],
			"to": [1, 1, 11],
			"faces": {
				"north": {"uv": [0, 5, 1, 6], "texture": "#3_1"},
				"east": {"uv": [6, 10.5, 10.5, 11], "texture": "#3_1"},
				"south": {"uv": [0, 10, 1, 11], "texture": "#3_1"},
				"west": {"uv": [0, 5, 1, 11], "texture": "#3_1", "rotation": 90},
				"up": {"uv": [0, 5, 1, 11], "texture": "#3_1"},
				"down": {"uv": [0, 5, 1, 11], "texture": "#3_1"}
			}
		},
		{
			"from": [1, 0, 10],
			"to": [15, 1, 11],
			"faces": {
				"north": {"uv": [6, 10.5, 10.5, 11], "texture": "#3_1"},
				"south": {"uv": [4.5, 1, 5.5, 15], "texture": "#3_1", "rotation": 90},
				"up": {"uv": [11, 1, 12, 15], "texture": "#3_1", "rotation": 90},
				"down": {"uv": [4.5, 1, 5.5, 15], "texture": "#3_1", "rotation": 90}
			}
		},
		{
			"from": [1, 0, 5],
			"to": [15, 1, 6],
			"faces": {
				"north": {"uv": [1, 5, 15, 6], "texture": "#3_1"},
				"south": {"uv": [6, 10.5, 10.5, 11], "texture": "#3_1"},
				"up": {"uv": [4, 1, 5, 15], "texture": "#3_1", "rotation": 90},
				"down": {"uv": [11, 1, 12, 15], "texture": "#3_1", "rotation": 90}
			}
		}
	],
	"groups": [0,
		{
			"name": "rail_base",
			"shade": true,
			"display": {
				"visibility": true,
				"autouv": true
			},
			"children": [1, 2, 3, 4, 5]
		}
	]
}