{
	"credit": "Made with Blockbench",
	"ambientocclusion": false,
	"textures": {
		"1": "block/powered_rail"
	},
	"elements": [
		{
			"name": "planck",
			"from": [7, 0.51, 2.5],
			"to": [9, 1.01, 13],
			"faces": {
				"up": {"uv": [7, 2.5, 9, 13], "texture": "#1"},
				"down": {"uv": [5.5, 1, 10, 4], "texture": "#1"}
			}
		},
		{
			"name": "planck",
			"from": [1, 0, 6],
			"to": [15, 0.5, 10],
			"faces": {
				"up": {"uv": [1, 6, 15, 10], "texture": "#1"},
				"down": {"uv": [5.5, 1, 10, 4], "texture": "#1"}
			}
		},
		{
			"from": [9, 0.5, 1.5],
			"to": [10, 1.5, 14],
			"faces": {
				"north": {"uv": [9, 1.5, 10, 2.5], "texture": "#1", "rotation": 180},
				"east": {"uv": [9, 1.5, 10, 14], "texture": "#1", "rotation": 270},
				"south": {"uv": [9, 13, 10, 14], "texture": "#1"},
				"west": {"uv": [11.5, 1.5, 12, 14], "texture": "#1", "rotation": 90},
				"up": {"uv": [9, 1.5, 10, 14], "texture": "#1"},
				"down": {"uv": [9, 1.5, 10, 14], "texture": "#1"}
			}
		},
		{
			"from": [15, 0, 5],
			"to": [16, 1, 11],
			"faces": {
				"north": {"uv": [15, 5, 16, 6], "texture": "#1"},
				"east": {"uv": [15, 5, 16, 11], "texture": "#1", "rotation": 90},
				"south": {"uv": [15, 10, 16, 11], "texture": "#1"},
				"west": {"uv": [6, 10.5, 10.5, 11], "texture": "#1", "rotation": 90},
				"up": {"uv": [15, 5, 16, 11], "texture": "#1"},
				"down": {"uv": [15, 5, 16, 11], "texture": "#1"}
			}
		},
		{
			"from": [6, 0.5, 1.5],
			"to": [7, 1.5, 14],
			"faces": {
				"north": {"uv": [6, 1.5, 7, 2.5], "texture": "#1", "rotation": 180},
				"east": {"uv": [7, 4.5, 7.5, 11.5], "texture": "#1"},
				"south": {"uv": [6, 13, 7, 14], "texture": "#1"},
				"west": {"uv": [6, 1.5, 7, 14], "texture": "#1", "rotation": 90},
				"up": {"uv": [6, 1.5, 7, 14], "texture": "#1"},
				"down": {"uv": [6, 1.5, 7, 14], "texture": "#1"}
			}
		},
		{
			"from": [0, 0, 5],
			"to": [1, 1, 11],
			"faces": {
				"north": {"uv": [0, 5, 1, 6], "texture": "#1"},
				"east": {"uv": [6, 10.5, 10.5, 11], "texture": "#1"},
				"south": {"uv": [0, 10, 1, 11], "texture": "#1"},
				"west": {"uv": [0, 5, 1, 11], "texture": "#1", "rotation": 90},
				"up": {"uv": [0, 5, 1, 11], "texture": "#1"},
				"down": {"uv": [0, 5, 1, 11], "texture": "#1"}
			}
		},
		{
			"from": [7, 0.5, 13],
			"to": [9, 1.5, 14],
			"faces": {
				"north": {"uv": [7, 10.5, 9, 11], "texture": "#1"},
				"south": {"uv": [7, 13, 9, 14], "texture": "#1", "rotation": 180},
				"up": {"uv": [7, 13, 9, 14], "texture": "#1"},
				"down": {"uv": [7, 13, 9, 14], "texture": "#1"}
			}
		},
		{
			"from": [1, 0, 10],
			"to": [15, 1, 11],
			"faces": {
				"north": {"uv": [6, 10.5, 10.5, 11], "texture": "#1"},
				"south": {"uv": [4.5, 1, 5.5, 15], "texture": "#1", "rotation": 90},
				"up": {"uv": [11, 1, 12, 15], "texture": "#1", "rotation": 90},
				"down": {"uv": [4.5, 1, 5.5, 15], "texture": "#1", "rotation": 90}
			}
		},
		{
			"from": [7, 0.5, 1.5],
			"to": [9, 1.5, 2.5],
			"faces": {
				"north": {"uv": [7, 1.5, 9.5, 2.5], "texture": "#1", "rotation": 180},
				"south": {"uv": [7, 10.5, 9, 11], "texture": "#1"},
				"up": {"uv": [7, 1.5, 9, 2.5], "texture": "#1"},
				"down": {"uv": [7, 1.5, 9, 2.5], "texture": "#1"}
			}
		},
		{
			"from": [1, 0, 5],
			"to": [15, 1, 6],
			"faces": {
				"north": {"uv": [1, 5, 15, 6], "texture": "#1"},
				"south": {"uv": [6, 10.5, 10.5, 11], "texture": "#1"},
				"up": {"uv": [4, 1, 5, 15], "texture": "#1", "rotation": 90},
				"down": {"uv": [11, 1, 12, 15], "texture": "#1", "rotation": 90}
			}
		},
		{
			"from": [3, 0.5, 6.5],
			"to": [4.5, 2, 9.5],
			"faces": {
				"north": {"uv": [11.5, 6.5, 13, 8], "texture": "#1"},
				"east": {"uv": [3, 6.5, 4.5, 9.5], "texture": "#1", "rotation": 90},
				"south": {"uv": [11.5, 8, 13, 9.5], "texture": "#1"},
				"west": {"uv": [11.5, 6.5, 13, 9.5], "texture": "#1", "rotation": 90},
				"up": {"uv": [3, 6.5, 4.5, 9.5], "texture": "#1"}
			}
		},
		{
			"from": [11.5, 0.5, 6.5],
			"to": [13, 2, 9.5],
			"faces": {
				"north": {"uv": [11.5, 6.5, 13, 8], "texture": "#1"},
				"east": {"uv": [3, 6.5, 4.5, 9.5], "texture": "#1", "rotation": 90},
				"south": {"uv": [11.5, 8, 13, 9.5], "texture": "#1"},
				"west": {"uv": [11.5, 6.5, 13, 9.5], "texture": "#1", "rotation": 90},
				"up": {"uv": [11.5, 6.5, 13, 9.5], "texture": "#1"}
			}
		}
	]
}